pitch_type,hash,gender,soccRole,age_group,age
11-a-side,5654103485b27c9f4e923c50ca18e5ab,male,FW,38+,52.84052019164955
7-9-a-side,60faf5552fd0676c1fb426e450013006,male,,18-37,24.082135523613964
7-9-a-side,7e98a17764eef1584f1fec87e7a8182c,male,CM,18-37,33.08418891170431
5-a-side,7c812694b209c87c9f29447feb6c8f56,male,FW,<14,8.928131416837783
7-9-a-side,4d0ec9b39b8a1626ed99c1e79fcb3e77,male,FW,<14,8.928131416837783
7-9-a-side,329d962687e3bb589520f5df4f56857e,female,FB,18-37,25.960301163586585
7-9-a-side,8cafee54bc537c8717bea84c6ed07049,female,FW,18-37,22.537987679671456
11-a-side,112111f23ca20ed5eeed1f3e6f5909c6,male,GK,38+,49.275838466803556
11-a-side,893a6ce00d5690a7926495272ad4b4f6,male,CM,<14,13.637234770704996
11-a-side,ade4e9b4c35949bf8b0b762254c8600e,male,CB,14-17,15.359342915811089
7-9-a-side,a4785c04132b6753f2188defe441d993,male,FW,<14,13.177275838466803
11-a-side,b5736e966ed8c216a88d162f46c93c34,male,FW,18-37,26.5927446954141
11-a-side,2cbdacb47fe293a76017d25c98ac7c46,male,CM,14-17,17.305954825462013
5-a-side,ab28f298c238347572557dd6e72a1d92,male,CM,14-17,17.305954825462013
11-a-side,772bfc8b3b13eb9d3848baecf007e510,female,CB,14-17,16.50924024640657
11-a-side,0912b3f5d482ebdefe4efb3e72944b29,male,FB,18-37,33.14989733059548
7-9-a-side,aa4e070ef4b31dfdde91f2d3c4453815,male,CM,<14,11.627652292950033
11-a-side,2b92de144e339846a539be68807cc1e0,male,FB,18-37,18.16290212183436
11-a-side,08d5f81b9c9feaf6122ef9afcb10c8cf,male,FB,14-17,17.492128678986994
11-a-side,88f6e7310f1d1b27a04c9a3d32d37c1a,male,CM,18-37,24.16974674880219
11-a-side,619ed33eb7c3ad35ba7b13621ea3a924,male,FW,18-37,18.105407255304584
11-a-side,f220390ba16bd448889d3c5864103c89,male,CM,14-17,15.197809719370294
11-a-side,dbf9084b849bba7d4d9a1284f8126c8e,male,FW,14-17,14.447638603696099
11-a-side,86d3fe9f63883ff16008d9c3f5937bdb,male,CM,18-37,20.92539356605065
11-a-side,630421721b3779df5497a65a52ae5dbe,male,FB,18-37,22.581793292265573
11-a-side,829ac5c9ebbbbdab52ddc7201f533056,male,FB,<14,12.678986995208762
7-9-a-side,07a041ff774513b15120c7cbc9a60a04,male,FB,<14,12.678986995208762
5-a-side,ab5c73f4bba0d05ce706c446bc1e276f,male,FW,<14,9.604380561259411
7-9-a-side,5ac939a21b41c519910981858e17d506,male,FW,<14,9.604380561259411
11-a-side,51d3ce10a50020f32c897491aceb3ed4,male,CM,18-37,25.3305954825462
11-a-side,e47bc5023301db76a181833f04a389f1,male,CM,18-37,26.570841889117045
11-a-side,6f998544b452cfc4b95ee7d4d4db5c2a,male,FW,<14,12.930869267624914
7-9-a-side,2c29eb861e3209cd1a5e9e89851f421b,male,FW,<14,12.930869267624914
7-9-a-side,6ec5dd658413497dea236b6aeb73de62,male,FW,38+,41.4072553045859
5-a-side,47ff9edd0f91e9405cc59c0ab5c78d27,male,CM,18-37,26.132785763175907
7-9-a-side,04ecef305385b8848dca81821d62e8b8,male,CM,18-37,26.132785763175907
11-a-side,9e67a092f7931181b81c9bf83e4b5147,male,FW,14-17,14.54072553045859
11-a-side,988914bf6316bb6aac01c00c9ee979a0,male,CB,18-37,19.60574948665298
7-9-a-side,124870e5d66390ffac68f395487fa4bd,male,CB,<14,11.21697467488022
11-a-side,e874027a2907188f73bdd26cffc5f71e,male,CM,14-17,14.590006844626968
7-9-a-side,41797adf61c7cb36f87de54bfd516f98,male,CM,18-37,30.819986310746064
11-a-side,c623a5a96f1b65da54f73e092f53f325,male,CM,18-37,28.528405201916495
5-a-side,28066b3a752a9cfd7e9851bc69dde4c2,male,FB,18-37,33.57700205338809
7-9-a-side,9499215e123debba04768565992c98bb,male,FB,18-37,33.57700205338809
7-9-a-side,daece787cfc998f361669f835fb43805,male,FW,18-37,30.130047912388775
11-a-side,fa0c14d20b1d44a2827f06e0c5945044,male,FB,18-37,35.90143737166324
7-9-a-side,e03984a8ca40047e36ae8a955722888e,male,FB,18-37,35.90143737166324
11-a-side,10e28e00980e090f1698ecec1d4a53e5,male,FW,18-37,32.91991786447639
11-a-side,34368d8d642fad715fd96d35e1cd1bd9,male,FW,14-17,17.88911704312115
7-9-a-side,1703d8982deec806d5d3e6cc74f664ce,male,FW,<14,11.616700889801505
11-a-side,ce3b55961590957dcc569d925dd8518c,male,FW,<14,13.574264202600958
7-9-a-side,e0c9e78e7411eab11138d754e88ff1a5,male,FW,18-37,32.10403832991102
11-a-side,828c7077b168105786ecff7b116f6988,male,CB,18-37,34.614647501711154
11-a-side,fad30f92a615a0c67a278ae66c5b1d12,male,CM,14-17,15.342915811088295
11-a-side,a8ac49665f6f6be54621ba2e144ee13b,male,FW,18-37,27.90965092402464
11-a-side,391d96bc0c8b14efd13a683ff2839106,male,CM,14-17,16.071184120465436
11-a-side,9bfe4d5458d18406ba599b5257073c57,male,FB,38+,44.48459958932238
11-a-side,a00b800f9d976d9b9ede3e5b410c17d9,male,CM,14-17,16.27378507871321
11-a-side,51b075d42f977d8bafaaedab0bd0b779,male,FW,14-17,17.730321697467488
11-a-side,f327ee36f95027c32a1a7214eb52a966,male,CM,<14,13.388090349075975
11-a-side,48a267a6117dcd94188d144bbbd75154,female,FW,18-37,26.458590006844627
11-a-side,0aab8b8d9e8b1943ede168900b53f129,male,FB,14-17,17.689253935660506
11-a-side,8d491cf3987cf777b6c4e2179bf6cde8,male,FW,18-37,25.084188911704313
11-a-side,cdf172213effddbdc00b5e7e59e669e0,male,FW,18-37,32.06570841889117
7-9-a-side,e7016add27d36c55be6395d67cf06d0a,male,FW,18-37,23.64681724845996
11-a-side,34ce49669c85ae3f427a02de5847e82a,male,FB,18-37,18.354551676933607
11-a-side,932e4a5f429fea9990d32827f6efb0c7,male,FW,18-37,27.71252566735113
11-a-side,744b9c91294261c52615e382d2173fa7,male,CM,14-17,16.709103353867214
11-a-side,af5a1d180c37a5dcee34ef5d8f8e8eab,male,FW,38+,38.666666666666664
7-9-a-side,a53f5a99c116202b293200da2ca5633f,male,FB,18-37,28.33949349760438
11-a-side,990842fae4f75d467225a40f56f48870,male,FW,18-37,34.5242984257358
11-a-side,ece567ef87301905d3cea917f553fae1,male,FW,18-37,25.38261464750171
11-a-side,9fa31dd41e19a62cc632fda3af1949bd,male,CM,14-17,16.878850102669404
11-a-side,3148df0ecc44809cf2986bec40deb1bb,male,FW,14-17,16.87337440109514
7-9-a-side,78f67675a21980f1fd11052ba7af5b8b,male,FB,38+,53.489390828199866
11-a-side,7f34c6f0150dde1fa8838a31010cb87a,male,CM,18-37,20.145106091718002
11-a-side,de61c077ed0882d21bfea265ff9e4f87,male,FW,18-37,34.72142368240931
11-a-side,dc6e9fd3e92bebf19bbf520513b4d203,male,CM,14-17,16.752908966461327
11-a-side,45de28a6186b937161805c555d756b8b,male,FW,14-17,14.247775496235455
7-9-a-side,d748c5a513ae349b3afc6885264b687c,male,FW,14-17,14.247775496235455
11-a-side,78e7ab7cf3907f793cb4485116231aa8,male,FW,18-37,21.311430527036276
11-a-side,637333644caf3512e8aa62683a774e58,male,CM,38+,55.87679671457906
11-a-side,e5505beba3d2c0d8ba969069d0f8bd61,male,FW,18-37,31.208761122518823
11-a-side,d5b25f225027070e9a39ffd04d30441c,female,FW,18-37,21.311430527036276
11-a-side,6d33d6d115b3cd883bff3f998b1e65d1,male,CM,14-17,15.515400410677618
11-a-side,2a99247b196711e1f416c353dc5c4b3f,male,CB,<14,12.427104722792608
7-9-a-side,5fc01896a3744d8086ca2af1d6d7727a,male,CB,<14,12.427104722792608
11-a-side,2293d869bc020961b7adea821f840e35,male,FB,14-17,15.293634496919918
11-a-side,035546116891f6d87fbc2ec685111f68,male,FW,14-17,14.8911704312115
11-a-side,86ba8cf00d5c249f816476208b033266,female,FW,18-37,23.392197125256672
11-a-side,aad00566930ed389d064c248d45ddf90,male,FB,14-17,15.063655030800822
7-9-a-side,cf097fe67f09066cfb598fa2d2448bbd,male,CM,<14,13.952087611225188
11-a-side,bddc9e3eed3cc4773be3f92fe926105e,male,CM,18-37,21.61533196440794
11-a-side,8db41add327c930228d2bb29f120b473,male,CM,14-17,17.27857631759069
11-a-side,bb8cdec64eb1103558f2a6195541199c,male,CM,<14,13.850787132101301
11-a-side,c1f885e28ba7cf40ca448f15aca30d5b,male,FB,18-37,18.42299794661191
11-a-side,5d1ef0e4f0d86bf8f7da424b24626007,female,CB,<14,13.700205338809035
7-9-a-side,6288beb3db9124c97538579b6fddf1ac,female,CB,<14,13.700205338809035
11-a-side,70de2def7a0ee852f116867adafd0ab2,male,CB,18-37,24.70362765229295
11-a-side,ce3d51403a600119fd886feb8ada90ef,male,FW,14-17,16.33675564681725
11-a-side,aeb61134af2ece670b4b94dbeefa1a72,male,FW,18-37,25.196440793976727
11-a-side,1625406cf6bbd49fa7f029bc0600b102,male,CB,14-17,15.397672826830938
11-a-side,8a2a003593e8eed36e9f6c06284af2ba,male,FB,18-37,20.27652292950034
7-9-a-side,2a3650cf14819afdfcda5011e3c3bb10,male,FB,<14,13.95482546201232
7-9-a-side,86c77e02ee3476bf2aafe46c29aba93a,male,FB,<14,11.761806981519507
11-a-side,abe86182b2ce6010847a2eb409e49d22,male,CM,18-37,19.561943874058862
11-a-side,b525667f1c0c9aeca064d6cd041566e2,male,CM,18-37,18.68309377138946
11-a-side,bb4f32973b762cac545cec2da6d27d39,female,CM,18-37,19.43600273785079
11-a-side,69e4cbbf51109c2fdfd785e8ad2a58c6,male,CB,14-17,17.28952772073922
11-a-side,38a136ec31c567cebd60508733884ee7,female,CM,38+,44.96646132785763
11-a-side,706a6539c03552e8fc0fe95c6b00d43b,male,CM,18-37,22.206707734428473
11-a-side,4c0987eeec5007c052b6a39f1a68db1c,male,FW,14-17,14.412046543463381
11-a-side,403c7e60ebe84dd4271abce5c6323d49,male,FB,14-17,15.813826146475018
11-a-side,abbd47b9a2237719b6faedb42d6c353e,male,FW,18-37,34.5927446954141
11-a-side,cb8011f702d31e3185f2d58ec8358f68,male,CM,14-17,14.880219028062971
11-a-side,823706c29a9ad257600fc01620878d2c,male,CB,14-17,14.69678302532512
11-a-side,73152f1008bee2ef8f3452902a61a0b4,male,FW,14-17,14.882956878850102
11-a-side,59e695e413acdf91f25986c95a64bba6,male,FW,14-17,16.27378507871321
7-9-a-side,9940bdff6446ee161d867686effc2ff2,male,FW,14-17,14.212183436002737
11-a-side,5e2cad08e2a16ff284bdc5f7bd230ea4,male,FW,14-17,14.075290896646132
11-a-side,903dc9d60d66579ef7d170ee3efdd896,male,CM,14-17,17.987679671457904
11-a-side,47be1e9f22c4a1a99275df720aa7e58d,male,FB,18-37,21.27310061601643
11-a-side,919d0f553e0a4fce99ae652bd4744f6a,male,FW,14-17,17.19917864476386
11-a-side,97733a516d825164b9e3c4d4a04a74be,male,FB,<14,13.921971252566735
7-9-a-side,fcb12cb7cb89f86b0750814431bbf736,male,FB,<14,13.921971252566735
11-a-side,2a68aba89ef82e72c75f3a828cb107ab,male,FW,14-17,16.076659822039698
11-a-side,6d05a9384a88d24f0d0148a2ee963e2b,male,CB,14-17,17.05133470225873
7-9-a-side,ccd46db3b1154288344a10efc5d91854,male,CM,<14,12.917180013689254
7-9-a-side,7f23c7c90b8156d5d794151a28c5a0f9,male,FW,18-37,19.38672142368241
11-a-side,db1e12d1df0eec2826a10f22c35c853d,male,FB,14-17,16.876112251882272
7-9-a-side,3debfb3d011ed014c6f68a4679a9cbb1,male,CM,<14,5.848049281314168
11-a-side,a8186f7c0a2e390f9b6f011369f0ae00,male,FW,<14,13.990417522245037
7-9-a-side,53401bdf3feee63d7b52f7dfd72c26a9,male,FW,<14,13.990417522245037
11-a-side,4ca631f22291e8c2c44dad313ecce3fb,male,FW,18-37,26.781656399726216
11-a-side,d003539feaba6349f02bbad866fad55f,male,FW,14-17,15.507186858316222
11-a-side,fd0d912ba3a51dbc7f74019b6d4faca3,male,FB,18-37,28.28747433264887
11-a-side,b24d94b9bd96f734a1c877fb195c476a,male,CM,18-37,22.77344284736482
5-a-side,6b90321a176e77f715d7933974e891bc,male,CM,18-37,22.77344284736482
7-9-a-side,f4e15178a6d358edb12fcb40f4f81c0d,male,FW,38+,38.21218343600274
11-a-side,271abb532deb6efb6aab874b54cff98d,female,FW,18-37,24.407939767282684
11-a-side,51071da9d52798bce7e9253bb7ea3502,male,FB,<14,12.314852840520192
7-9-a-side,ec608af35928da8a77b0e36ccb0e850a,male,FB,<14,12.314852840520192
11-a-side,5bdab1404396c156044c3211924d9bbe,male,FB,14-17,15.767282683093772
11-a-side,f82576818e0e3c96c9f27dee1f98f75c,male,FW,18-37,26.080766598220396
11-a-side,e8ff3a0755f6007f5b99f21b4e100ffa,male,CM,14-17,14.568104038329912
11-a-side,767d26d3809f90ef0f0d63bb54dcecd3,male,CM,<14,13.99315537303217
7-9-a-side,072663c53235d6cd0ecd448db182acfc,male,CM,<14,13.99315537303217
11-a-side,ad8511ee7b62ae0061f773a8116be16c,male,FW,18-37,19.21697467488022
11-a-side,115d25d8e756e65049b08d835fc5fcd5,male,CM,14-17,14.242299794661191
7-9-a-side,eb051d8e4be246c3ffe07bdf28ed6f0d,male,CM,14-17,14.242299794661191
11-a-side,efa37672cea52a498cdb2aa7d9aa7315,male,FB,18-37,21.1088295687885
11-a-side,c2f8bb20526e8af26538de45eae6ec01,male,FW,<14,12.93908281998631
11-a-side,ac4f3fc71fe234520001ef60894e9c1d,male,CM,18-37,22.261464750171115
11-a-side,d1d297dc48297b50463df304ba7f03da,male,FB,18-37,18.51334702258727
11-a-side,ed4b9e2c4506cafb934f2a0372a9e105,male,FW,18-37,25.013004791238878
7-9-a-side,f1487445c70982ae827a2c3d0e99f62e,male,FW,18-37,25.013004791238878
11-a-side,f0fe5cf3ef60d03e2d19931565d6479a,male,FW,14-17,16.268309377138944
7-9-a-side,def588544dbcef0b1743f4a6e87079ba,male,FW,<14,13.136208076659821
11-a-side,34f98342fc4a4a716134cc3bffeb96db,male,FW,14-17,15.07460643394935
11-a-side,ab5ef2181da122661ee14ecaf4368d67,male,FW,18-37,35.60301163586585
11-a-side,90ce234ca762c1f5ac44a5f8df8790c6,male,CM,14-17,15.099247091033538
11-a-side,dd480c5c7e5952d8bbe6494cdfa7529e,male,CM,14-17,15.249828884325805
11-a-side,b4503eaf9dde12826783c4bcc3078788,male,FW,<14,13.94113620807666
7-9-a-side,84fc48ec51cda26feaecefc9b3d240c5,male,FW,<14,13.94113620807666
11-a-side,657747d5d518c8ca302c62da6362e435,male,FW,18-37,29.32785763175907
11-a-side,dab5c91ff903bfcddb4713513863e365,male,CM,18-37,20.89801505817933
11-a-side,67e128664c47b8a60bce16019dcc3b95,male,FW,18-37,28.49828884325804
5-a-side,253ace16e1083b06b516702f9cc7d7f3,male,FW,18-37,28.49828884325804
7-9-a-side,6af3fce3538dae963f016ddbffdc362b,male,FW,18-37,28.49828884325804
7-9-a-side,955de0e6d2262ea7f1e48405ad579ae8,male,CM,18-37,25.27857631759069
11-a-side,7e3fecef3f0a631875308ced11028b2f,male,CM,14-17,15.006160164271048
7-9-a-side,1b9aa1d48598e7948cf591b883b1612d,female,CM,14-17,14.959616700889802
11-a-side,c79051e695dde3c088a8e0ce518d3106,male,FB,38+,39.42778918548939
7-9-a-side,07c0c23875fa1f1f148092824d6a5236,male,CB,38+,46.247775496235455
11-a-side,a6e5a8312b2e74a3eab5a54e1c792867,male,FW,18-37,22.250513347022586
11-a-side,81949ec8f42809af68b5812b13ed1d32,male,FW,14-17,16.750171115674195
7-9-a-side,6862d57eaaaddd859a98f662f3487cf0,-,CB,<14,0.9938398357289527
11-a-side,94b2b523ada18735a44ab6e7f5cb6f04,male,CB,18-37,27.96167008898015
11-a-side,f31b9f004870846fbbceeddf9405ee12,-,FB,<14,11.219712525667351
7-9-a-side,a895690ada3180a75e60f13d6a1ae19a,-,FB,<14,11.219712525667351
11-a-side,07aad999277735f5a042d63224926a23,male,CB,18-37,22.069815195071868
7-9-a-side,28cc845cb8dd8b2d4513b3d388306ea1,male,CB,18-37,22.069815195071868
11-a-side,62b36c9d4cb704a767b4e019bd2ab72d,male,FW,<14,10.770704996577686
7-9-a-side,56f64e9f093e24cc2195dcaf36a6732a,male,FW,<14,10.770704996577686
11-a-side,868c5a3a2aa7220826bb88dbeedd026f,male,CM,14-17,17.075975359342916
11-a-side,86ef40309ac594da9b39c04f5bdd83e4,male,FW,14-17,15.137577002053389
11-a-side,e44ddc418cffe35887f2a495e143c3f2,male,FW,18-37,37.53867214236824
7-9-a-side,8be48cc05247b28ae80e256b3546be34,male,FW,38+,42.732375085557834
11-a-side,ef0e753ad8126dca53cd6417384b2274,male,CM,14-17,14.05886379192334
11-a-side,06aa49b8cf62a06deb865482a111d21b,male,CB,38+,49.295003422313485
5-a-side,9438b3ef2b20a49a49dc3f707d7e708f,male,CB,38+,49.295003422313485
7-9-a-side,1e4b3441f58cc1b13a618143bb242044,male,CM,38+,46.33538672142368
11-a-side,0bc84ba2d737df4e88fa9d50a99cc184,male,FW,<14,1.2594113620807665
11-a-side,ed7240641df152ecf2050bc8e1ecd72d,male,CM,18-37,37.29226557152635
11-a-side,728044d57e161cbe248e47b85b8ce49d,male,FB,38+,46.03422313483915
7-9-a-side,84ad0e34ab6e3835d5401db73fcca9d7,female,GK,14-17,15.68788501026694
7-9-a-side,8c9ef242aec05620151c965a2f040d3a,male,CM,<14,11.600273785078713
11-a-side,11c1b649994893dd6f81985884997d86,male,CB,38+,39.356605065023956
7-9-a-side,dfcb0f0352406f0bd5735c0fe15a8584,male,CB,38+,39.356605065023956
11-a-side,6cccce4dc10d3b12c66e8410f1e6125d,male,FB,18-37,20.123203285420946
11-a-side,ace7932776f6f0edfb3c53b466b50350,male,FB,18-37,24.470910335386723
7-9-a-side,f981a8d7d75e2d38ddf12dc331302e3d,male,FW,18-37,32.89801505817933
7-9-a-side,a40c2225251def1f5d0942d1ecaa0c26,male,CM,18-37,21.215467064621713
5-a-side,eaa324a84619d0da39bdf79ef7abc305,male,FW,18-37,31.55920602327173
11-a-side,ec59e87daadd5976ff2ee73d038cc6ec,male,FW,18-37,22.031485284052017
7-9-a-side,befaa166f915ffffd4073fe5ab3145e8,male,FW,18-37,22.031485284052017
5-a-side,f0cac3174a37409902ddf53ecbf4c20e,male,FB,18-37,32.83504449007529
7-9-a-side,4654fcee765265662d06c6eccddfe461,male,CB,<14,11.498973305954825
11-a-side,a87a18832ee1065e2c4ab137ed7fe256,male,CM,<14,13.848049281314168
7-9-a-side,7b1a89e89a0ff7e3281d984c343bf6c5,male,CM,<14,13.848049281314168
11-a-side,2002bbc2b02a6f4f7f84c0142534a777,male,CM,18-37,20.257357973990416
11-a-side,f6115764da06452539b4174e062fd7de,female,CB,18-37,28.227241615331966
11-a-side,b88d9713dacc852d3e01b1f7c5450d34,male,FB,18-37,34.8062970568104
7-9-a-side,b6635028785fdb4f0a80652da41834c4,male,FW,18-37,21.579739904175224
11-a-side,f10fcac79b3efe298e317a4d4f855471,male,,14-17,14.03148528405202
11-a-side,7ebcd10fae8f2eeeba1659f8b4e13267,male,CB,18-37,33.549623545516766
7-9-a-side,efaef6625a3fc934606eb02afd9b7317,male,CB,18-37,33.549623545516766
11-a-side,add8f9f86b4e1ff671b6b88a50fb5368,male,FW,<14,13.180013689253936
7-9-a-side,61090b51765cdb588ab57bb6868517ab,male,FW,<14,13.180013689253936
11-a-side,976f24eca36fcac02be0b312a2d64508,male,CB,18-37,29.136208076659823
11-a-side,bf0e562b6af6797e27b1c0553ffc08a0,male,FW,14-17,14.940451745379876
11-a-side,cc9cd911f9143cfd44f62439b2e5f5da,male,FW,18-37,22.921286789869953
11-a-side,37f1b2d98b21de7e94ce01548d30a7a4,male,CM,18-37,18.09719370294319
11-a-side,a0d1cd3f111f4067db5d95f73ae54a99,male,CM,14-17,16.227241615331966
11-a-side,13f29809230c85b03aa970330163defa,male,FW,<14,13.22381930184805
11-a-side,616b7d3a4831cfcc2fd7c8bf2cf77759,male,FW,14-17,17.5523613963039
11-a-side,6c12b0527ed4b96e543b1b62ada97b1e,male,FW,14-17,16.254620123203285
11-a-side,f1799a9ef8d037084f7ddf19d60d3ca0,male,CM,18-37,36.388774811772755
11-a-side,1cb128011b077bf490a3b9882ecdf2ca,male,FB,14-17,16.20807665982204
11-a-side,ed79b595add1e42bf8ae8d63d4f59008,male,CB,18-37,32.0848733744011
5-a-side,5e9f0ea1592897b3274df1e6bc4aa723,male,GK,38+,46.039698836413415
11-a-side,e3af320d2fca11ea3583f516dd2a723d,male,CM,14-17,16.01095140314853
11-a-side,2604b907d98c50d663e44448f64710f3,male,FW,18-37,24.465434633812457
5-a-side,5b2a67e19b70b983cb789a8ae40216b8,male,FW,18-37,24.465434633812457
7-9-a-side,666ac48ece8e84dc6365f6500562d581,male,FW,18-37,24.465434633812457
11-a-side,8f98ae28e4a47f0333b73d03f06f4ab2,male,FW,38+,43.592060232717316
5-a-side,e3a79aea6c376ecf1cf3fb0a7363d80e,male,FW,38+,43.592060232717316
7-9-a-side,378e1fb569aa4e83910350931b69db55,male,FW,38+,43.592060232717316
5-a-side,0fd0343019bc7f22e5837a9577031ca6,male,CM,38+,44.87337440109514
7-9-a-side,e3c62166e06d48a4b6b6940482a44192,male,CM,38+,44.87337440109514
11-a-side,c7d33670dccdd7ac8f9d53eca0a3c66e,male,CM,38+,47.75359342915811
7-9-a-side,e7a973b1547cac81bbdc0beaa02ebb0f,male,FW,18-37,30.198494182067076
11-a-side,ed93640236639faec7659bafed949e2b,male,CB,14-17,14.119096509240247
5-a-side,95e7ade5934d8c97adea32904ce8253a,male,CM,38+,45.69199178644764
11-a-side,30b5afcd5e18fc77c50ac43002508059,male,CM,14-17,14.04517453798768
11-a-side,8f0983acdeb9a358354f1a533b1d82b4,male,FB,14-17,14.47501711156742
11-a-side,362ff27711c60b8d30c275bcd7064c04,male,CM,14-17,16.188911704312115
11-a-side,e53b3ee0a765e1b2a371dfaafe94d50e,male,FW,18-37,27.926078028747433
11-a-side,1e640182992da5416c4a66ed8e897ed6,male,FB,18-37,23.252566735112936
11-a-side,9e9af74331485557f31497f082e56cc2,male,FB,14-17,16.10403832991102
11-a-side,67d4da366694f2d34823cd6b2d6517cc,male,FB,18-37,35.285420944558524
11-a-side,2f7a92a3d2c7c8a0660f544d439ec804,male,FW,18-37,24.095824777549623
11-a-side,d38d926da6125200b8b63eb37dfb3948,male,CM,18-37,27.28542094455852
11-a-side,216df128a740d29a34ed65218d1dcd4c,male,FW,18-37,23.077344284736483
11-a-side,7d508d9ba2e5f848f88cb6e85d4d4413,male,FW,18-37,36.172484599589325
7-9-a-side,126be657cff2fe4c5fdc54fce836ac2a,male,CM,38+,43.19233401779603
11-a-side,71e64a8f30bfd4792b67fb8d327bb814,female,FW,14-17,16.763860369609855
11-a-side,ffaf95d796fc6201a14b1c3a2a457833,male,CB,38+,44.539356605065024
11-a-side,f826a9b67f455b8e0efdede0cd3591bf,male,CB,18-37,24.16700889801506
5-a-side,35d6124b83025d1e88343e001adf5ab1,male,FB,<14,8.317590691307323
11-a-side,73dbb38214841bd37aa3d1bd108d2ad7,male,FB,18-37,20.240930869267626
11-a-side,16ede34ff02f78c039ba831b02bd6ce1,male,CM,14-17,14.318959616700889
5-a-side,67b83045119c437749602679e889999e,male,,18-37,34.9678302532512
11-a-side,6b4a70a498d50e0795cc53832d22044b,male,CM,18-37,32.51471594798083
7-9-a-side,350ba0667c1d4a29d1ac3ea6474f77f8,male,CM,18-37,32.51471594798083
11-a-side,74b8e145280ec9d9426d46c7160c0c01,male,CM,18-37,23.512662559890487
7-9-a-side,07082a259c94e40da1830df7d07df5c7,male,CM,18-37,23.512662559890487
11-a-side,4829b3f7d28cc6c4f918d58b9468302e,male,CM,18-37,24.139630390143736
7-9-a-side,4c1805aad2bf7ce616600e62835c1228,male,CM,18-37,24.139630390143736
11-a-side,8500c6dcb939fbffb15a1a7d16e7ea8f,male,CM,18-37,20.298425735797398
7-9-a-side,3ca373829b7af6474d382c64c5f347e7,male,CM,18-37,20.298425735797398
7-9-a-side,c6f8b8cd760ab2e0b647a257755d9f0c,male,FB,38+,51.15126625598905
11-a-side,4e85fd0ede3af2772947438c6cd870fa,male,FW,18-37,25.93839835728953
11-a-side,a38ca5a2aed7b082759906448349dbc3,male,GK,14-17,14.902121834360027
7-9-a-side,2aae05a50653e0121363148dad581f7f,male,FW,<14,8.966461327857632
7-9-a-side,a5036e8fee4b75823a74758fbdbecf0a,male,FW,18-37,26.168377823408623
7-9-a-side,3df4a9da6f3c8dda69e2045b2e2f1a1c,male,CB,18-37,25.44832306639288
7-9-a-side,150e378a5b99fcc8eb56ba17f9bf44a8,male,CM,<14,11.553730321697467
11-a-side,0e0fb54f8f5f2a69a2965a2a45a95be7,male,CM,38+,40.0766598220397
11-a-side,ae984094cfe8deda123b4276d593a28c,male,CB,18-37,24.88158795345654
7-9-a-side,e7ffa5a42c120a907d383773104786d7,male,CB,18-37,24.88158795345654
7-9-a-side,14cc3034470b1213f1cac219bd90bdb7,male,FW,18-37,24.67624914442163
7-9-a-side,532e4ce275ca74e0a2e11092185e038e,male,CM,18-37,25.94113620807666
7-9-a-side,c9bf3c8a78be79c97de90ce7033b87f9,male,CM,18-37,21.215467064621713
7-9-a-side,18caf7133c6b01098944f199c2da1515,male,FW,<14,10.485968514715948
7-9-a-side,43274eacee9a5430151d7fcab3506a2e,male,FW,18-37,21.215467064621713
7-9-a-side,dffdb0650d33158390a97150a23ad72d,male,CB,18-37,21.215467064621713
7-9-a-side,fd6d245d98e6b82f7eaadc36fde7647b,male,CM,18-37,27.939767282683093
7-9-a-side,c13239903dc268bef51e2c5b4c416745,male,FB,38+,40.34770704996578
7-9-a-side,b43d9304a4068e5fd3dc8cf5e81ddcd6,male,CB,38+,41.67830253251198
11-a-side,c6607f6df32a7b0aaec957f48be40af2,male,FW,<14,13.541409993155373
7-9-a-side,964c57cb6ba30e4949592ee9930b53c2,male,FW,<14,13.541409993155373
5-a-side,97dda5756cc53c632a25c8d48117461a,male,FW,18-37,23.98904859685147
11-a-side,bcd7f5fae5833ef139a0853f499a5985,female,FW,14-17,16.928131416837783
5-a-side,b0f7904df8f9042034afe0f7ff862057,male,FB,18-37,36.39151266255989
5-a-side,6fe645f9dd7b956ca20af713b4fe7bef,male,FW,18-37,25.544147843942504
11-a-side,2c3346101a7a9baf8314f7b9b7a1db44,female,CM,18-37,18.543463381245722
11-a-side,e65a96c9ca9b854dc417fc8db317f188,male,FW,<14,13.801505817932922
11-a-side,ec6d107a16016deacba54af60a9d5050,male,FW,14-17,15.23066392881588
7-9-a-side,c72787d2fd38bf7e3a25e2b7d55fcd8b,male,CM,18-37,22.595482546201232
11-a-side,f7227bcd4105229b7f17521f1ecdbbd6,male,FW,14-17,15.575633127994525
5-a-side,398a0fbd80426e9ec0d948c73653205a,male,CB,38+,44.884325804243666
11-a-side,4862b4bba7d043101f480f9f31f36d9b,male,FW,14-17,14.778918548939084
11-a-side,a738a4834bba389182ba94e9f3c72593,male,FW,18-37,31.033538672142367
5-a-side,24b2e0325956ebf207208f3a73c5206b,male,FW,18-37,31.033538672142367
11-a-side,e56ec6bdd8804b01f71e604b0814f455,male,FW,14-17,15.63586584531143
11-a-side,cc039aeb141ca0e11c4be588eaa6d0f6,male,FW,18-37,22.119096509240247
11-a-side,441f4ade0b20631b3645727e75f47332,male,CM,14-17,16.257357973990416
11-a-side,160c770cf2dcaf532ccfddfb0eae986b,male,CM,14-17,14.844626967830253
11-a-side,ea785dfae563d5f7e22a7204b84f9afc,male,FW,14-17,17.921971252566735
7-9-a-side,1cfd25a6d610860cc1c525dde8cf6657,female,FW,14-17,15.392197125256674
11-a-side,11469d14ec2abbd355aae48158da157e,male,FW,18-37,24.752908966461327
11-a-side,108cc34bc1da765dfca9d886e1d795a1,male,CM,18-37,18.11362080766598
7-9-a-side,b0f5bbab64cd838861aec02bcd2c3f0d,male,FW,<14,11.170431211498974
11-a-side,d65775ad965962a27d9bad7072c29112,male,CM,14-17,16.57221081451061
11-a-side,733a4399e129906b8dbbca3f6a5cf8c0,male,FW,18-37,18.77618069815195
5-a-side,84773e3b7bd4d532848d1ec8a11607d1,male,GK,38+,51.865845311430526
11-a-side,9163fc5e85526de5f8e951e7ebe023a7,male,FW,14-17,14.74880219028063
7-9-a-side,f43003426aadc5fcf7cf67befeddc6c7,male,FW,14-17,14.74880219028063
11-a-side,9d9e38cd194ac997ef5d4a42be0564a5,male,FW,14-17,17.67008898015058
11-a-side,e6b6700588aa41b31f14d766caaff3b4,male,CB,38+,42.0041067761807
5-a-side,24b46269f7ffcb004523c4f881df3491,male,CB,38+,42.0041067761807
11-a-side,a355deb1bfd7230c60d397837e94e101,-,CB,18-37,24.309377138945926
11-a-side,47316ef73efc8b361742da8d070dec89,-,CB,18-37,24.309377138945926
11-a-side,29bbc4e31e8c7f5b0d39ebfedeeb3573,-,CB,18-37,24.309377138945926
11-a-side,41b162b1d2289742f89550aee033d586,-,CB,18-37,24.309377138945926
11-a-side,653101bfdf44dfa0bfb6d92984b4c06f,-,CB,18-37,24.309377138945926
11-a-side,e010521ac55cdbc27afe072c64ade109,-,CB,18-37,24.309377138945926
11-a-side,45740baffaa980fc16e7f3f04cfeb025,-,CB,18-37,24.309377138945926
11-a-side,bf9108cf59eb30cc2e8de1d5782481e0,-,CB,18-37,24.309377138945926
11-a-side,9b72638e4e5b238dcd67548cf10e384a,-,CB,18-37,24.309377138945926
11-a-side,5214d6f19b6c84399a0362ae14c38b6c,-,CB,18-37,24.309377138945926
11-a-side,8da5559ace688aa772b3cde328111099,-,CB,18-37,24.309377138945926
11-a-side,b2e08a5a92a409daabe89ee2d0a63fb4,-,CB,18-37,24.309377138945926
11-a-side,fa059e377d0ae4fc5edcbe8d66a185d5,male,CM,18-37,19.307323750855577
11-a-side,cf01737a763209f3b7d5cba83377673a,male,CM,18-37,20.865160848733744
11-a-side,523cf8bfaf0d7907ce7a2ce920ff05e1,male,CM,<14,13.905544147843942
7-9-a-side,63919d3ed9b9e9ff08bb9a098af93b11,male,FW,38+,40.76933607118412
7-9-a-side,416dc2a281892c9538febb1be79f78a1,male,FB,14-17,14.798083504449007
11-a-side,52c29da7614994186dc9c91e409cbd11,male,FW,<14,13.596167008898014
11-a-side,631bce1d58edb77181e02e0c69c528ef,male,CB,<14,12.427104722792608
7-9-a-side,02132e4f42666a791777ac06e2399c82,male,FW,18-37,27.745379876796715
11-a-side,a1fa6eacbd9154e80351808b3018b0f9,male,FB,<14,13.776865160848734
11-a-side,2ac19313f57f4f933a4fe7770b097f4f,male,FW,18-37,24.621492128678987
11-a-side,cc076ed97a6bdf1c749cac9051c023f5,male,FW,14-17,15.723477070499658
11-a-side,57e0db009f7850f77f91db014e229f40,male,CM,18-37,26.869267624914443
11-a-side,ac0b7c05d0c78077a0e7c8ab0afc1ed8,male,CM,14-17,17.51129363449692
11-a-side,24d5d5f06b7a4c6cda8e527e156a4f75,male,FW,18-37,20.257357973990416
11-a-side,a1c4cfa96fdc8c2f80750f4830a858c1,male,FB,18-37,18.713210130047912
11-a-side,a8cffd4c7a47f25430620b2110e4a9c5,male,FB,18-37,22.88021902806297
11-a-side,bb02928dd451eda0f8625be7f80d38f4,male,FB,18-37,19.159479808350444
11-a-side,98b3cf3b898d978dbe9f7bda7ed3d845,male,FB,14-17,14.455852156057494
11-a-side,5e15c558ff0d1f53b289da5fb78a960b,male,FW,<14,0.6707734428473648
11-a-side,93e56a0ab0eb5f2aeee0ec2f25730a29,male,FW,14-17,15.290896646132786
11-a-side,3f483763c1c52f63a906cb4d72a5b8f2,male,FB,14-17,15.597535934291582
7-9-a-side,197b45e3a1f6964657c1991f39fbe131,male,FW,38+,52.20260095824778
11-a-side,f61c02b5e5777565b88366175ba3630e,-,CB,18-37,24.309377138945926
11-a-side,03ef053fa6f684f291a3d59d154e7583,male,FW,14-17,14.57905544147844
11-a-side,65c89ba34f1e1708eddfa5ad6e240475,male,FB,14-17,14.973305954825461
11-a-side,1e28f49b232ac1902992c3a14e6b83c4,male,FW,18-37,24.531143052703626
7-9-a-side,90e53a325e66e6194bef03b3b0a180ba,male,CM,<14,10.480492813141684
11-a-side,97cb31a5d76818c71e98dfcd25648b56,male,CM,<14,12.65160848733744
7-9-a-side,14aabb0e3364ff25ce62bc930c15fced,male,FB,18-37,35.337440109514034
11-a-side,192c081bbe7fc82ae51756393c40abf7,male,CB,<14,0.6269678302532512
11-a-side,ec07b327883c56b75b56d3710fcddb8e,male,CB,14-17,16.060232717316907
11-a-side,18487705d5a48ae1f30eef6d562cb3b8,male,FW,14-17,14.633812457221081
7-9-a-side,9421da6f25c5bc6fc69452d1a0ac1722,male,CB,18-37,28.0
11-a-side,bc16221a32bc03b4f43515c8f57e81f1,male,CM,18-37,30.71047227926078
11-a-side,cc74f16f8c882206607111b565661023,male,CM,18-37,23.460643394934976
11-a-side,4c422962ce05ed1c1535ffb30df84972,male,FB,18-37,19.586584531143053
11-a-side,9ce142b8d024e9e53a4f1f7b0c275e0a,-,CB,18-37,24.309377138945926
11-a-side,fc7b4a50385d5afe58bcb1e10e8c86cf,male,FW,<14,13.935660506502396
11-a-side,ccf3d2bb90d6af32ebd303cac14a5f6a,male,CM,14-17,14.956878850102669
7-9-a-side,1483190d72eb7574293e8ef5c11aa5b3,male,FB,<14,9.32785763175907
11-a-side,7db3a6f2bad41edebcb84d0998ae3a88,male,FW,18-37,25.713894592744694
11-a-side,e3ed2a0a4397195bdc680e0dc73406a7,male,CM,14-17,14.978781656399725
11-a-side,0e72b5a8cd737cb70926482cde7c3e71,male,FW,14-17,14.595482546201232
11-a-side,986eb544ca13d6e5a3f9bb0ab7423a41,male,,38+,48.13141683778234
11-a-side,802f3e2fb8e4d3855f93bc4d2490678d,male,CB,18-37,26.56536618754278
11-a-side,638042544ec4a07e5cf657109a56f1f5,male,FW,18-37,27.641341546885695
7-9-a-side,f5f69c5ba276308cb52fad707d0fdf13,male,CM,18-37,23.98631074606434
11-a-side,38f4a117e9e9b2cd0ff9c6fdd36e5a81,male,FW,18-37,21.544147843942504
5-a-side,d3120c4191fdc898cb9fce9128015440,male,GK,<14,10.245037645448322
7-9-a-side,b6c0514b5ef96d4718a30a52d40658d9,male,GK,<14,10.245037645448322
11-a-side,721b8c5d45ac8674bc1c9a6453f0001d,male,FW,<14,13.880903490759753
5-a-side,d25797a743dd390f8d996f3bb504e0c1,male,FW,38+,39.35934291581109
7-9-a-side,5664f78a9c96f561b1bd8d04361fd4ad,male,FW,38+,39.35934291581109
11-a-side,eeee68d6141d97fbad214ef0847b6938,male,CM,18-37,30.759753593429156
11-a-side,91b2648978d618462661faa767aa94bd,male,FW,<14,10.978781656399725
7-9-a-side,3e741ddb2f9a10b93457fd36cb0daa31,male,FW,<14,10.978781656399725
11-a-side,6dd3e1f04da0d4b39bbee6d997913a8d,male,FW,38+,43.58110882956879
5-a-side,787e3a5d8bb2c81516663fb0371b7bc2,male,FW,<14,9.169062286105408
11-a-side,bb6dadc5eab2f3ec6342e3010433e10d,male,FB,14-17,15.285420944558522
7-9-a-side,00e31b66028f6f87876b897664930b99,male,FW,<14,11.252566735112936
11-a-side,e9c656e9255621721d3a061a2b5b5b4f,male,FW,14-17,14.203969883641342
11-a-side,3065b686f18128ab32414ba6be29e967,male,CM,<14,12.917180013689254
7-9-a-side,25c63fd6dc2829d2af6f84edebcf62a1,male,CM,<14,12.917180013689254
7-9-a-side,b18d8098b4a7a3f898f321e814b62cdd,male,CM,38+,41.14715947980835
7-9-a-side,9759440c99a1695e6f8f5185b8f76bb3,male,FW,<14,11.66050650239562
11-a-side,98484bfaa4da2b18810db42adf47b597,male,CM,14-17,16.243668720054757
7-9-a-side,c633b2d1a45e29a4147d12d3a4116e94,male,FW,<14,9.894592744695414
11-a-side,44cbb424830bd89b3178101d60f9043d,male,FW,14-17,16.01368925393566
11-a-side,0551acbeadd13480b40e8bc5ba1541f7,male,FW,14-17,14.078028747433265
11-a-side,caa68e6aa5daff03967fa4154eb30f3c,male,CM,18-37,31.077344284736483
7-9-a-side,93310c68958636132a4d3ece3c3df564,male,CM,<14,12.16974674880219
7-9-a-side,3256618a81f12a3147ba5107e6bc3e2c,male,CM,18-37,25.568788501026695
11-a-side,8193539c8c0564ff0a31681f975505cc,male,CM,38+,52.49555099247091
11-a-side,2db16fea7217d014c55f13ad46d9b6db,male,CM,<14,12.388774811772759
11-a-side,5b0fb1bbd2717fbc517ab352ce2c7671,male,CM,14-17,14.833675564681725
7-9-a-side,5b2187b727e9a1860921b0c38fb92035,male,CM,14-17,14.833675564681725
11-a-side,8ceb2737b8f935562fc2b0f7d3022c73,male,CM,14-17,17.29226557152635
11-a-side,6ce7bd36d863e56f912f1997b8878314,male,FW,18-37,36.84599589322382
11-a-side,54a5bcd42fff2442989d39faa5f004a4,female,CM,<14,12.843258042436688
11-a-side,9c0f198dbde8c4d89fe5941df356ddeb,male,CM,<14,13.69199178644764
5-a-side,b03627da172f96882bcb74f350926f06,male,FB,38+,38.53251197809719
5-a-side,0ac6cae8f0677add0bce544d2c8f073e,male,FB,18-37,25.683778234086244
7-9-a-side,cf5d7ccee6f8957e6a175e4d54a4d626,male,FB,18-37,25.683778234086244
11-a-side,29244178fe8775d2a73f567903fad6dd,male,FW,18-37,24.777549623545518
11-a-side,6eba495d2f0da830a4b21672e7eb4c2a,male,CM,<14,13.560574948665298
11-a-side,8d8681d7eeb5edc515256729ccca9e33,male,FB,14-17,14.020533880903491
11-a-side,84cfc272b898e56adfa9e62f9218fc2a,male,FW,14-17,16.720054757015742
7-9-a-side,9486fac2e6e43ee282f8da7a6e176dfe,male,FW,<14,12.309377138945928
11-a-side,f728c0ce7b512f55e815aaeb797e93e3,male,CM,14-17,14.480492813141684
11-a-side,7ee2d6a6d93dc88b2d7069879f40f9da,male,FW,14-17,14.537987679671458
11-a-side,2c01ca626965b003caaab22f2f2957b9,male,CM,14-17,15.540041067761807
7-9-a-side,d6eebae82990dfa3effbc0063637abb9,male,CM,18-37,24.314852840520192
11-a-side,c8249c06e3ef1c01a9dab61f5748f192,male,FW,18-37,29.963039014373717
11-a-side,7124e9961c75b3850b14b95c0afecc60,male,CB,14-17,14.548939082819986
11-a-side,199af7f1f90689924b030f164e44a8a6,male,FW,14-17,17.54688569472964
11-a-side,1b0e044fcac5c5121c938e20dc940c73,male,FW,14-17,14.387405886379192
11-a-side,4157bedf316cb1aeee53fff6c38f4fda,male,CB,14-17,14.52703627652293
11-a-side,46ef0ee8499f56f850c5e977b19443ec,male,CB,14-17,16.265571526351813
11-a-side,956b58fcb5bdd6e064bec01787a83f64,male,FW,18-37,21.522245037645447
11-a-side,e6c52fd50e9d53c0bfd330fc9dcb7237,male,CM,14-17,16.071184120465436
11-a-side,d0e163ee7ee3ffeae637c1dc9c91aff7,male,FB,14-17,17.54688569472964
5-a-side,341f2d5c14416db1bf9582d89e9ad11b,male,CB,38+,39.460643394934976
7-9-a-side,4328a0bc84d80216d06c4a32fbdd1896,male,CB,38+,39.460643394934976
11-a-side,409ea98ee31410c84f27c0d20bedc8e2,male,FB,14-17,17.388090349075977
11-a-side,98fa7abab92b300427e8acb03e44ce8d,male,FW,<14,13.52498288843258
5-a-side,ba2b8f0412376b46d0133d9e8df82cf3,male,GK,38+,45.492128678986994
11-a-side,ab41eba6018335c15dfaa2280c86c182,male,FW,14-17,17.749486652977414
11-a-side,99e3a83201ea32c0cb0bbf66cf099877,male,FW,14-17,15.55920602327173
11-a-side,3322e15eec5940f07777855a51ad7a84,male,FW,<14,10.787132101300479
7-9-a-side,c38856982db9d7339b5f1c797f5ae80c,male,FW,<14,10.787132101300479
11-a-side,3eb3e59efba408b441f23e8a0f0191ce,male,CM,<14,13.519507186858316
11-a-side,5447aaf4e59ff20523b0c19bc7fde0e0,male,FW,<14,11.408624229979466
11-a-side,f15d1f42c0072f7101ddbff84cb4908f,male,CM,14-17,14.557152635181383
11-a-side,9344bc515f21348560863c9559ce1e71,male,CM,14-17,17.982203969883642
7-9-a-side,dc49b63322a1f5baddced206562c5468,male,CM,<14,9.763175906913073
11-a-side,804f282dc793a600dc0b2b3fb580ba0e,male,CB,18-37,25.8507871321013
5-a-side,d9a769255bd7fd799305de7230bb99fa,male,FW,18-37,25.557837097878167
11-a-side,22275fda9c847aa4d8d4368b10a7655e,male,CB,38+,49.51950718685831
11-a-side,23b4aeb315424e4ac0f36fd2579ad051,male,FW,18-37,19.61122518822724
11-a-side,d14df119db2fa475cabd1af53e47cc46,male,CB,18-37,24.67624914442163
11-a-side,132f2e47ce0c40f4ed01591689fcfe35,male,CM,<14,12.084873374401095
7-9-a-side,828c726122a2a517a4b424b1e27d4504,male,CM,<14,12.084873374401095
11-a-side,c9dc0bd0b2d69932ddd4f4ec8353b220,male,FW,14-17,16.520191649555098
11-a-side,d0ef1e4d498dda2671ee54d3c5a639c5,male,FW,14-17,15.507186858316222
11-a-side,60e37bf50e096f5482eba8aef7bddbb8,male,CM,18-37,24.136892539356605
7-9-a-side,757f2684a8943db70cc33985472239fd,male,CM,18-37,24.136892539356605
11-a-side,a8122b7f61015cf3807ff96fee5a21bc,male,FB,18-37,22.132785763175907
5-a-side,6b6a18d9d68c6f625aec5325f5f7371d,male,CM,18-37,25.4839151266256
7-9-a-side,c5fd6f391bff90c60e7c0fa7d4f3a7d8,male,CM,18-37,25.4839151266256
11-a-side,0c4d8093bbc6bf2140c9deab7ee2ee74,male,FW,<14,13.752224503764545
7-9-a-side,abf75a8e7317647c8e11b2912c6a294a,female,FB,<14,12.008213552361397
7-9-a-side,52092950ca0def1d61fc5b83b3729865,male,CM,<14,10.168377823408624
7-9-a-side,3b8c30f4fee68ad1e9af9f8891344cd1,male,FW,<14,10.477754962354553
11-a-side,fefbf47ed1f39e7daaca2f89bbaa146f,male,CB,18-37,21.232032854209447
11-a-side,84b2db3c3c5241ab83e0774dafa81ddd,male,FW,18-37,29.492128678986994
11-a-side,816c3c45cd686cc09da84bad56944cb9,male,FB,14-17,14.77618069815195
7-9-a-side,476ae9d8327f9e3979cc21185aa2af8c,male,FW,18-37,24.40520191649555
11-a-side,d6253bf4d0c176a047900fc78f2f00a3,male,FW,<14,12.476386036960985
11-a-side,1dc5b3171544e244ac021b09f683ff3a,female,FW,18-37,20.15879534565366
11-a-side,9b36959c5ef06211fd8025e0d0a786c2,male,FB,18-37,35.68788501026694
11-a-side,6144c892c6af764ce9abfc0ddd0a662d,female,CM,14-17,14.902121834360027
11-a-side,fd30584492e1e8f63465bbccffa6bdd0,male,CM,14-17,14.220396988364135
11-a-side,ee0238ddcaebcd01709a78a007850cda,male,FB,14-17,15.827515400410677
11-a-side,871e9029335a934e0ab783c8fdc83756,male,CB,<14,13.338809034907598
11-a-side,fd7673d54c846786e410ce9aa6efaded,male,CM,<14,12.429842573579739
11-a-side,ba252d2c84fde4838d0d8f21ab5082a2,male,FB,18-37,23.496235455167692
11-a-side,ac5d8bc6df9549067458963a7f4b9afd,male,CM,<14,13.42094455852156
11-a-side,e64a192d60bbbf72f0f17e06915c0bcb,male,FB,<14,13.505817932922655
11-a-side,359cc4760c04e5695fc5fbbbb348c407,male,CM,18-37,35.34017796030116
7-9-a-side,83aa9331483cd7640d484b729b1cfb12,male,FB,<14,11.427789185489392
11-a-side,47cba47ead909e9fac5b76af5df568d8,male,CB,<14,13.774127310061601
11-a-side,e0a2726387f9f48baea656dd93f19ca8,male,CM,38+,45.37166324435318
7-9-a-side,76628bea706de8f4924b20560baf7937,male,FW,18-37,25.560574948665298
7-9-a-side,b5344c3dd8d3aec16a6df0e2ae0645f4,male,CM,<14,9.47296372347707
7-9-a-side,fdf2c22b6577dedf446efdbc4fb844d8,male,FW,<14,11.794661190965092
11-a-side,a557cc27622e00abd2a703647ded96fd,male,,18-37,23.38398357289528
11-a-side,f131fc5a1b988cbba55a9b1befa285b2,male,CB,<14,13.322381930184806
11-a-side,e793d0f3884ad85e1648b2c1158e73c3,male,FW,18-37,33.883641341546884
11-a-side,e8e0ed65bfd7f0a2c0c6f8a25bc684e9,male,FW,18-37,26.48596851471595
7-9-a-side,e0c874536f49f5b05393e2c7e2cd377f,male,FW,18-37,26.48596851471595
11-a-side,0ca8a109a45a8c7e77a1a20ae29db2e4,male,FW,14-17,14.910335386721425
11-a-side,65b48c7c73474384fc2f1fb86d548b04,male,CM,18-37,22.21218343600274
7-9-a-side,c45481cfa3a4439158e227b7f62e4309,male,FW,<14,12.854209445585216
11-a-side,1e9b8481d43502983d1496c1ae9b2929,male,CB,18-37,33.37166324435318
11-a-side,9e515c52247e27256779e91a5f432592,male,CM,<14,13.034907597535934
11-a-side,8c53a112d8351d29b5b936fb60234ce1,male,FB,<14,13.83709787816564
11-a-side,d441dc98f897d8af1127ca6da9252736,male,FW,14-17,15.449691991786448
11-a-side,0fdebf11fc9deb0f3c825a51d52144aa,male,FW,18-37,34.09993155373032
11-a-side,bc34fb2cfbadde9b4ddaee33b3a1cdcd,male,FW,18-37,29.53593429158111
11-a-side,0e3d859c9249d035fa5acef0824a9bda,male,FW,18-37,29.927446954141
11-a-side,6f10e7b03dcc3229a09eb50b286a0a8e,male,CM,<14,13.442847364818617
11-a-side,d58290d78ca4b8ce0dae4ae8e7530693,male,FW,14-17,14.255989048596852
11-a-side,54bda65a511ca96d1bc76ecf8baca3e3,male,FW,14-17,16.602327173169062
11-a-side,e01b50820704a3625300a954069545ce,male,FB,18-37,31.802874743326488
7-9-a-side,d2c069ff67d9dfbbe71e0f569577f60c,male,CB,<14,11.731690622861054
11-a-side,7bf18066ea61b71008d6c5f993930aa0,male,CM,14-17,14.35728952772074
11-a-side,4dfc1b608367e0666720615433edb605,male,CM,18-37,25.420944558521562
7-9-a-side,d1c06e6ce6fa691915316e6674c1f11f,male,CM,<14,10.35728952772074
11-a-side,bc6513239fe98ea619b477fed3dc56e7,male,CB,14-17,14.431211498973306
11-a-side,c29e34ff7ac177e7c90c961e527df898,male,FW,38+,41.19917864476386
11-a-side,143335af47d75c23c685fa286869f8ca,female,FW,14-17,16.399726214921287
5-a-side,225d97146511d8b585d66e1ec9349e5a,male,FB,<14,10.075290896646132
7-9-a-side,a80e477f52bbe6a7dc515d8518788ddb,male,FB,<14,10.075290896646132
11-a-side,6eb49ce0ff8f9eea09320e61a5f5c435,male,FW,38+,50.57084188911704
11-a-side,29250daf0aed0c71c9f1c7066670269a,male,FW,<14,13.979466119096509
5-a-side,c43e3718560bb5c87f50f49f1b370b30,male,CM,<14,12.33949349760438
11-a-side,4bd3b77ac1d0e5238a8477da0b2f331c,male,FW,14-17,17.1854893908282
11-a-side,d80feb66dbba25af5fb7c1bd4d6d23d1,male,FW,<14,12.49555099247091
11-a-side,7c1003dbed8a69e8673f989421eaf997,male,FW,<14,9.092402464065708
7-9-a-side,54aa90ea3fc52e8fca3d7e1c86159baa,male,FW,<14,9.092402464065708
11-a-side,b0c6042249d52754e0978706fc53ff80,male,CB,14-17,14.811772758384668
7-9-a-side,5e49511d2d1d36b27250066f8548c23e,male,FB,18-37,27.756331279945243
7-9-a-side,9b8cd07acb9b9265a5609a0400cd6343,male,CM,38+,46.195756331279945
11-a-side,a98cceaa0b33d7df1b108d56672f1981,male,CM,14-17,14.414784394250514
11-a-side,57c1c3838c94ad084fcf4dcdbf812108,male,CM,18-37,18.182067077344286
11-a-side,9233b34375c672aa24ea0d2fa9208de8,male,FW,38+,53.01300479123888
11-a-side,06704b693af3d27ae9e97cc12fceedfc,male,FW,14-17,14.21492128678987
5-a-side,4d1ea8b2a7ee3d1d903a2fd97a023421,male,FW,38+,41.87542778918549
7-9-a-side,4089f955f083c5e0f335c5d7d28f0af7,male,FW,<14,9.401779603011637
7-9-a-side,d3b4b60f88c9dc8ea3f47581808379fd,male,FW,<14,8.999315537303216
11-a-side,ffec8fbe5cf2df0bcef396b7c6747ddb,male,FB,14-17,14.69678302532512
11-a-side,85e5b0c264f42d6fbcf9a8567232fea5,male,FW,<14,12.928131416837783
7-9-a-side,fdcfa7644644360ec3bba30f11e7855e,male,FW,<14,12.928131416837783
5-a-side,17cfee83b83c0b07f4dc7dafa650fb9c,male,CM,38+,46.32991101984942
7-9-a-side,bd1335e2ea8a2d10b654c5974c2b4a2b,male,CM,38+,46.32991101984942
11-a-side,5eb232c8ded6e1490aa40f79c9971445,male,CM,18-37,23.405886379192335
11-a-side,e8afe009ed1c1f3d416422efb4b71448,male,FW,18-37,21.415468856947296
11-a-side,d009be6360ee5af4bd5611b2ef94d3aa,male,FW,<14,11.408624229979466
11-a-side,421b3aec33164f3987e043897e1f2e62,male,FW,<14,12.309377138945928
11-a-side,eddae20153a255499b91a9af1df4421f,male,FW,18-37,29.464750171115675
7-9-a-side,89be350eb1b90c933f7206d98bf07080,male,FW,18-37,29.464750171115675
7-9-a-side,10abaadc66b720208e0992ee3ff0d82b,male,FW,<14,10.387405886379192
11-a-side,7e997689046a11a9ef8badc782ed7a4b,male,CB,18-37,20.355920602327174
11-a-side,b282992dc202f030a5b677a5f9b6560e,male,FW,14-17,15.186858316221766
11-a-side,7adeb8d7ae17d4794a8b9af0b170d710,male,FW,14-17,16.79397672826831
7-9-a-side,e13410d44ba68b066ead93d7c3eee4bd,male,GK,<14,12.049281314168377
11-a-side,ba6680d9ccf18a4b675cbe2188b094e3,male,CM,<14,12.53388090349076
5-a-side,b076202cd1e616de209f70e66a1bf1d2,male,FW,18-37,27.529089664613277
7-9-a-side,66be159247a617090fa86e92ce51a94c,male,FW,18-37,27.529089664613277
7-9-a-side,c0e2373b227e7b03d9a44f5e9e1d9c02,male,FB,<14,8.63791923340178
7-9-a-side,027d8fbf23ae730fd276c99422592eaa,male,CB,18-37,25.489390828199863
5-a-side,eb3595a9f196fd1f3a10cb33a6471aa8,male,CB,38+,41.39082819986311
7-9-a-side,e99a86796e4b86e9ef8cc1b1eea1b5ff,male,FW,<14,10.743326488706366
11-a-side,570b5efd59994eac7d638837f10fb5d4,male,CM,<14,13.390828199863108
5-a-side,2b104ed0aa6af999deddec9fce53dac5,male,CM,<14,12.555783709787816
11-a-side,37238742b3d4dd6ed142befa8eaa0c64,female,FW,14-17,15.342915811088295
11-a-side,baa794174488d261ae0985105d0be6fd,male,FW,18-37,34.39561943874059
11-a-side,c28da1e4b8dd52e34f07c791c0e921b2,male,CM,<14,13.533196440793978
11-a-side,682013e724f250c0a8621a6b1c122daf,male,CM,38+,45.516769336071185
7-9-a-side,6fa9fbb7436b23751db6f39381076596,male,CM,<14,10.929500342231348
11-a-side,65705937bb4a2b49940cfdbbb332e3ae,male,FW,<14,10.335386721423683
7-9-a-side,2d84071d5597577d96cf4ce065bed825,male,FW,<14,10.335386721423683
11-a-side,0973cfc5bd57985390668e5e1acbc728,male,FW,38+,39.397672826830934
11-a-side,9a23e2e4fe5b5c54a0ad933d814f57a2,male,CM,18-37,27.208761122518823
11-a-side,6656571eba5d4469ed82991425a89e5b,male,CB,14-17,17.856262833675565
7-9-a-side,f331b1ba66376de657fecdb387992ce6,male,CB,<14,10.379192334017796
11-a-side,50907a93a48318c926b2e90ae5eaba81,male,CM,<14,13.434633812457221
5-a-side,7f10d4f7c8d00b2ecf728a1895561f48,male,FW,<14,9.218343600273785
5-a-side,a94bed90f4a2f67580fef4ea2ad90ca5,male,FW,<14,10.151950718685832
7-9-a-side,b548640b49e654a37dc5c598c2d16634,male,FW,<14,10.151950718685832
11-a-side,beda20797dd83a5219daee885eb43c88,male,FW,18-37,18.926762491444215
5-a-side,594dc10a7b274797ebb4d20450e02bc9,male,FW,18-37,28.815879534565365
11-a-side,be79a4789b1a6348c00d6bdd2dab1b4e,male,FB,38+,47.917864476386036
7-9-a-side,c215228cf6190d5c64ba67d64c634805,male,FB,38+,47.917864476386036
11-a-side,849a924fed678f6d619605cf670b2fa0,male,FB,14-17,14.844626967830253
7-9-a-side,59564fdf646c89232d42b650a73c384f,male,CM,<14,11.718001368925394
11-a-side,97c3d5d196048fa3cffe45c8b6d470bc,male,CM,<14,11.679671457905544
7-9-a-side,4d4999c57d7c6a59b8c479006781736a,male,CM,<14,11.679671457905544
11-a-side,caf3623f584240eba5c964622b8e7f2e,male,FW,<14,12.558521560574949
11-a-side,17ca781bff69ed6ddd46116c138ad460,male,FW,18-37,32.709103353867214
11-a-side,52acd3b18baee86ec003cdc597f71784,-,FW,14-17,16.366872005475702
7-9-a-side,83abbb1686c756f8f205131d0b80e110,male,FW,<14,12.123203285420944
11-a-side,e41aa3d121fac35477f9df52ce87ac44,male,FW,18-37,25.530458590006845
7-9-a-side,bb987309789cce9fee72c55749ab7e25,male,FB,18-37,29.4839151266256
11-a-side,c64c941d6535fb996f0161832c558106,male,FW,38+,39.95345653661875
7-9-a-side,244a587c8370a7aff13aa695bf1dfcdc,male,CM,14-17,17.05133470225873
11-a-side,dd6bb62decd928c3dc480ac354a7b862,male,FW,14-17,16.18343600273785
11-a-side,c554caf5619313fe729e4ce132d15e71,male,CM,14-17,17.51129363449692
7-9-a-side,5caf6da0132dc79e010b7055d5249962,male,FW,<14,12.229979466119097
11-a-side,0f80e750afd2034cf40c6717031d6a30,male,FW,18-37,30.61738535249829
5-a-side,9c4225a8799c7d087c87d5c0bcddcaaf,male,FW,18-37,30.61738535249829
11-a-side,61fe7748daa006ee4073132fb90e6246,male,CM,18-37,24.060232717316907
11-a-side,467548ad0dfd3a460741c402cdd53ad6,male,CM,<14,13.256673511293634
7-9-a-side,43aea04d46d08e12c467efe52963f2a0,male,CM,<14,13.256673511293634
11-a-side,e33c398f2bcc49b8627aa19339bad740,male,FW,<14,13.371663244353183
11-a-side,67856bec792fc65cf5877220815d851b,male,FB,14-17,16.706365503080082
11-a-side,775266192a37dfb16c38a31b49d0792d,male,FB,18-37,29.61259411362081
11-a-side,850768cd5eb5066d5b6f9dd1e6cb933e,male,CM,14-17,14.548939082819986
11-a-side,88c189283dd27172119c7f849ed36e53,male,FB,18-37,21.377138945927445
11-a-side,01f572d7b763d8c007ba1b514283677f,male,FW,18-37,25.319644079397673
7-9-a-side,bae381743d686a563580813d3cc30ff2,male,FW,<14,10.746064339493497
11-a-side,4a67f9e547ddc8cbc7b9345df6238f5e,male,FW,14-17,14.283367556468173
11-a-side,8cd58279da19eaf06c612b1e3ef805b5,male,CB,14-17,16.03832991101985
11-a-side,c25465039bee8dfdab1b7726be3b741b,male,FW,18-37,23.76728268309377
7-9-a-side,5889b57c9ccf82949cfab603402df899,male,FW,18-37,26.00684462696783
11-a-side,c2d6e002037528f729082c0b9330558d,male,FW,<14,10.105407255304586
7-9-a-side,e03076bd28773e35feb83f4f24b6f46b,male,FW,<14,10.105407255304586
5-a-side,f179ae6a4cba8bb2c63ac9871abf7e6b,male,CM,18-37,25.626283367556468
7-9-a-side,8ffc112f030698caed3d667aa6a2bc71,male,CM,<14,12.788501026694044
11-a-side,5dab010def18ff7ab02af797e74d86a8,male,FW,14-17,15.682409308692677
11-a-side,7b294abc0b77ddec4476a62423b7cce0,male,FW,<14,11.616700889801505
11-a-side,e27d4492515fc4ce18bee53cb0764ef0,male,FB,18-37,22.844626967830255
11-a-side,e86e5398dc14affc8cd84cc31bd30a25,male,FW,<14,13.347022587268993
11-a-side,29ab58becb6ee0cd192e1d2bbe047ec4,male,FW,14-17,15.24435318275154
11-a-side,e4506f00f5ae5d301e50ba57c842393b,male,FW,14-17,14.806297056810404
11-a-side,635ad82eec2ab6ab79935fa9fd56a8ca,male,FB,14-17,16.45722108145106
5-a-side,36ba309c384c8e2787c1089f2a607974,male,FB,18-37,29.149897330595483
11-a-side,551fdbdb123769f51b52513af4edaf8c,male,FW,18-37,20.815879534565365
11-a-side,d282698496473b3d6d86a973f1dfa00b,male,CB,18-37,25.700205338809035
7-9-a-side,483e025eb13f2fef72da0bad6294534c,male,CB,18-37,22.521560574948666
11-a-side,cce287026c9abb2b38a6241cf356b5b5,female,CB,<14,13.546885694729637
11-a-side,5d2ce0a95415372b357826642ba6338a,male,FB,<14,12.698151950718685
7-9-a-side,586411f388fa342c018bb1a737ae1ae6,male,CM,<14,12.284736481861739
11-a-side,799428552c10ababd90357bf4de05e26,male,FB,<14,13.796030116358658
11-a-side,9e3a859e3c75486d12b13a73c32cce48,male,FB,18-37,20.290212183436
11-a-side,36ac1595e97ea5a625866e30243602c0,male,FW,<14,13.404517453798768
11-a-side,04318c5444b39071de71fe6b7a8e3331,male,CM,18-37,37.86447638603696
11-a-side,8745e032ba7d3353fd36d08079f34ded,male,CM,14-17,15.534565366187543
11-a-side,5c43d27e91dd5c7c41a62b8c765ecd10,male,CB,18-37,19.07460643394935
7-9-a-side,68ca9905945de2c51ccac1bb307e1d91,male,FW,<14,10.127310061601642
11-a-side,8eb616f4ec276548a0848c0df10cb676,male,FW,18-37,34.340862422997944
11-a-side,b285f4029f51b32731039633073fdd3f,male,CM,<14,12.323066392881588
7-9-a-side,00817dfbe18c3f0fb8fb145b29d38bea,male,CM,<14,12.323066392881588
11-a-side,0f05a6c94ddb8d831373897147f48e8f,male,CB,38+,41.01300479123888
11-a-side,0001395391686e1ea605e78ad7c47b36,male,CM,14-17,16.358658453114305
11-a-side,272804c0b886d346d4401cd718de467f,male,CM,14-17,17.23750855578371
5-a-side,c0cf8d2c0cb420d678a95f996adc9304,male,CB,18-37,35.85763175906913
11-a-side,3349e161b30da593341698a1a8372644,male,FW,14-17,15.55920602327173
5-a-side,aae2fa0ef1d648a34baa51a2832657f7,male,FW,18-37,29.530458590006845
11-a-side,eaddd6388553f6efafccad24c9f356a3,male,CM,14-17,16.947296372347708
11-a-side,7f501144a349628d0532077a07a91430,male,CM,18-37,26.253251197809718
11-a-side,8633e33108e0a8ba6b9b5eb5ee337c8f,male,CM,<14,12.243668720054757
11-a-side,2fc77c8f37eb64288d951e1cd8107de0,male,FW,14-17,14.335386721423683
11-a-side,8482cec4c6caa4f06e893e3e645f33c7,male,CM,<14,13.754962354551678
11-a-side,b754b8400401403216146aa1bbdfc24c,male,CM,18-37,32.33401779603012
7-9-a-side,45e139c37070cdaa097a8eb416552afa,male,CM,<14,12.878850102669405
11-a-side,ecd6bc7cd46b75a12d4888bb3af015c3,male,CB,14-17,14.184804928131417
11-a-side,68c57e7a9adb628eee2cd77604bf6391,male,CB,18-37,23.709787816564
11-a-side,2c0cf5a64ffb09a2210b2b8f2e61b43b,male,CM,14-17,15.066392881587953
7-9-a-side,57b4344c6cfa981a775bad63262af0a7,male,FW,18-37,22.184804928131417
11-a-side,fcdeff9e40c040e257a8a0f53c3bb36b,male,CM,14-17,16.28747433264887
11-a-side,fb3bfc234bd98a4af62f351a7e9a46f9,male,CB,<14,13.180013689253936
11-a-side,69c77ffb7b7d6c554ece90e1ea6b98ba,male,CM,18-37,34.03148528405202
11-a-side,614d81bf14a712a05466dc825d79c978,male,CB,<14,12.919917864476385
7-9-a-side,3bd23ec6d42b7cb5e39db13dceba8530,male,CB,<14,12.919917864476385
11-a-side,a44aa6642e133a00dcca5c209328d7c5,male,FB,<14,13.768651608487337
7-9-a-side,fea99f46c7349aaae58e8e29be6bad8f,male,FB,<14,13.768651608487337
11-a-side,9db32dc78b69f708502706865b1fd307,male,FW,<14,13.738535249828884
7-9-a-side,d7e48f21591d4518a7101bb5e6b052dd,male,GK,<14,10.861054072553046
11-a-side,2336ac9c68f64dd90277f1e5fb3d40c9,male,FW,18-37,21.571526351813826
7-9-a-side,ca998663c846b7cf68ac04c33f375836,male,FW,<14,10.584531143052704
5-a-side,11fe7a1ee0e132534313a23ea2b09027,male,FB,<14,9.582477754962355
7-9-a-side,6160f9aa1d6b4067eab6a7dd4d48ab66,male,FB,<14,9.582477754962355
5-a-side,06fca64db26198d42c53b9d0b4f067e0,male,FW,18-37,21.48665297741273
11-a-side,732821aeeac7ba86dda8a099234cd86b,male,FW,14-17,15.893223819301848
11-a-side,784b721d34270b8c2d7061ad68340af2,male,CM,18-37,25.607118412046542
11-a-side,3564cb6d1694141e585a4ef89e76b25c,male,CM,14-17,15.665982203969884
11-a-side,7c1595ebedf04abb8782cdd5ff992fb2,male,CB,14-17,14.108145106091717
11-a-side,c7578ea1602f2617a81b1f99b181b4ed,male,CM,14-17,14.984257357973991
11-a-side,83a5b03c23cc773dfc5491f7e071dc1a,male,FB,14-17,14.338124572210814
11-a-side,3a3bfe296458913c041e28d7b2cac0ee,male,FW,18-37,21.694729637234772
11-a-side,09b2c9aa24c1a0d4d3e8a9945d9c202f,male,CM,<14,12.854209445585216
11-a-side,468fe5a315b9f8f7262044610b2c1155,male,FB,14-17,16.826830937713893
11-a-side,becf47bd8ba4fdd53bfdceda70d25409,male,FW,<14,13.990417522245037
11-a-side,d7e58c5773088e072549bd13e5089250,male,CM,<14,13.804243668720055
11-a-side,f463951edf1c8bdb16876845c3078c7d,male,FW,14-17,14.171115674195756
11-a-side,a1723822e3e7320f428f8a4877f68acc,male,FW,18-37,31.143052703627653
5-a-side,789fc0099d9ddf7404396eaf9d42b5c1,male,FW,18-37,31.143052703627653
11-a-side,91741fa5c578ec58dbd89813eea63f90,male,CM,18-37,24.23271731690623
11-a-side,c1a6c8997da43dc6e945ef58f6f141af,male,CB,14-17,16.643394934976044
11-a-side,b0abc21773b04b01f14aff4dabfc784b,male,CM,14-17,17.11978097193703
11-a-side,86ca2e821bb195d47d6d01f8d731234c,male,FW,14-17,16.123203285420946
11-a-side,a46c4a8fbd45e82f1e7503d694b38f67,male,CM,<14,12.120465434633813
11-a-side,db2eafaffd99bec6d02cdc15f5706c73,male,CB,14-17,14.759753593429158
11-a-side,7bf05890656ed4fd5e31f02729eb702e,male,FB,18-37,18.302532511978097
11-a-side,676237457d1fca53cbe864c0e25fe70c,male,FB,14-17,15.961670088980151
11-a-side,cd53183640654a3292ccf29678ac778a,male,CB,14-17,16.824093086926762
11-a-side,295d73b384f2dc493450870aef8d755a,male,FW,14-17,17.182751540041068
11-a-side,bf9dc8051b901eb8a7a49f7e7be02bc5,male,CB,14-17,15.162217659137577
11-a-side,44ed3106be261b36a91f7164d53f4dad,male,FW,<14,12.087611225188228
7-9-a-side,2fa342ab7499db53378a8af37ba22fb2,male,FW,<14,12.087611225188228
11-a-side,d5f1dc69d38814c458bb1d4c1be53fd6,male,CM,18-37,21.418206707734427
11-a-side,1f091df7c449d0e002073a93f174ae5a,male,CB,<14,11.214236824093087
7-9-a-side,61eb072d3be2e2ee973329756fcee3bb,male,CB,<14,11.214236824093087
11-a-side,ab4e4b58efc638a53185d9b6145a51e3,male,CB,14-17,15.247091033538672
11-a-side,8aca14e576a2690e301247bda417ea60,male,FW,<14,13.845311430527037
11-a-side,bbe6faeb86d7ddb19506480399234c4d,male,CM,18-37,37.86173853524983
11-a-side,e557f1e948b3cb0ceb6aa863d5176658,male,FB,18-37,36.82683093771389
11-a-side,05149e13e0fa5d5b52df5b7bf0096856,male,CB,14-17,15.715263518138261
11-a-side,6ad10dedb97d7e8b6016e7557a4995a9,male,FW,18-37,26.937713894592743
11-a-side,8d677a27eac1229f189c0edd71fef991,male,CM,14-17,14.193018480492814
11-a-side,d28808aed5fe53985da21fd19a2ac5e5,male,FW,<14,13.284052019164955
11-a-side,9c0dff8fa94df8be9b29d84fe218eb2a,male,CM,14-17,14.798083504449007
7-9-a-side,ecbfeeff1699e02937ec0f9d9e28e373,female,CM,<14,10.850102669404517
7-9-a-side,82047adcba3b6a69e744f32b2644e555,male,CB,<14,9.557837097878165
11-a-side,92d69d439ad44cc2872c7b992804d91d,male,CB,<14,12.188911704312115
11-a-side,268085681bff716ec1fa4dc8979f380e,male,FW,14-17,16.11772758384668
11-a-side,d36df6ac8410a9520d2b33bf4ea929a3,male,FW,<14,12.487337440109513
11-a-side,47d65a77d9ad34778aeb9b4a0c5a3d04,male,FW,<14,13.36892539356605
11-a-side,2ab9d50bf14dbbce135475f87087e17c,male,FB,14-17,14.685831622176591
5-a-side,5dd1606935d272fdf827dfdbca51d488,female,FW,18-37,25.853524982888434
11-a-side,862959ccf8735c9cadce5a8f7a835003,male,FW,14-17,16.262833675564682
7-9-a-side,a9969ffb1402744f36a716d1bb809faf,male,FB,<14,11.096509240246407
11-a-side,9fac06995dddac3d7fe9429e5cfd669a,male,FW,18-37,22.234086242299796
11-a-side,9193195908c5318b7fd2aad145030ece,male,CB,14-17,16.892539356605067
7-9-a-side,ad9dd69ee420a377475aa4779eda6631,male,CB,<14,13.834360027378509
7-9-a-side,60b3b73e25f530fe256595de78a45634,male,FW,<14,12.008213552361397
11-a-side,306c45401fb930e4acb043fc5a81ce2d,male,FW,18-37,29.12251882272416
11-a-side,56c883fabeb1bc310832395bc6614685,male,FB,<14,13.880903490759753
11-a-side,3035af55b651382e6f203d01e982c783,male,FB,<14,13.924709103353868
11-a-side,b0c8ebb25ccf52c4f88efe9d1fc36550,male,CM,18-37,32.60506502395619
11-a-side,b3b37606d557981da4d6bdcc66a50ef8,male,FB,14-17,16.829568788501028
11-a-side,0e79e85f13570345fcf12519a4ad7e8c,male,CM,14-17,14.743326488706366
11-a-side,f713c07f0148612c48e57fdbfd8ba89a,male,CM,14-17,14.001368925393566
7-9-a-side,b842451c0b369665a4cf0568865af63c,male,FW,<14,13.47296372347707
11-a-side,240b50061f87ab2ad2543414b6bff6f8,male,FB,14-17,17.544147843942504
11-a-side,9c59a8bbe2519e1eb5e55689145768e4,female,CM,14-17,14.688569472963723
11-a-side,62f2aaa439102fd28199dfcc98e689d5,male,FW,<14,13.754962354551678
7-9-a-side,72934fffd4a97dd1c12a4886b2ce566a,female,CM,<14,13.727583846680355
11-a-side,b845c5d7ed35ec1062a8beb4d58fe068,male,FB,14-17,15.63586584531143
11-a-side,d11d13d49967d5547aa2e97a43221c63,male,FW,18-37,18.46406570841889
11-a-side,b4ea31d9864f93a6528a734aca893347,male,CM,18-37,18.12457221081451
11-a-side,863e5a4faf677cf9909ba693508b7026,male,FW,14-17,15.356605065023956
11-a-side,84d6bb0e29eed56a6454ca5b6c64a091,male,CM,18-37,20.525667351129364
11-a-side,bece01c707e21499127496c4ea0a5617,male,CB,14-17,14.781656399726215
11-a-side,db6012e7a59f2f7e77490e8f606f0468,male,FB,<14,13.382614647501711
11-a-side,e1697e4cdb3646a2d7330217a3099bbd,male,FW,<14,13.23750855578371
11-a-side,6d99dcadb6aa0495be4d354ddf33e57c,male,FW,14-17,15.852156057494867
11-a-side,138afd522a08f62a1ce2955deaddbf36,male,FW,14-17,14.80082135523614
11-a-side,0175fa2056f23dfddd96ca54a62dc547,male,FW,14-17,16.407939767282684
11-a-side,688f0c0703ef1730c32eb6577d2dd136,male,CB,14-17,16.859685147159478
11-a-side,08bb0695600db87f04a0780e0d5a3441,male,FW,18-37,20.427104722792606
11-a-side,98212b6a49bc00d7e58ecd45dd18290f,male,FB,14-17,17.987679671457904
11-a-side,13e344834712fc10b0ab2f06b61e944e,male,CM,14-17,14.209445585215606
7-9-a-side,10238289f130c3b5d7300c16593794a4,male,CM,18-37,33.9958932238193
11-a-side,83ef7e23f9e816251edf616823e43634,male,FW,18-37,18.469541409993155
11-a-side,6fac083851015a292143344e749ce668,male,CB,18-37,19.123887748117728
11-a-side,2ba53655cd7e7bfdad8f1a929019c263,male,CM,18-37,18.151950718685832
11-a-side,0f1ce1bde9dd7ca184712cea42543d1e,male,CB,<14,12.952772073921972
7-9-a-side,4547a0aa185d925417d6c22dd83bfa5c,male,CB,<14,12.952772073921972
11-a-side,ceaa974b5a4ae119b83622870faea361,male,CM,14-17,14.559890485968515
11-a-side,dff7c44af63e93ac7aac551b20e7c5d1,male,CB,18-37,28.205338809034906
11-a-side,62ff8a3db7faa6d9dec16c8a14922bcc,male,CM,18-37,19.991786447638603
11-a-side,30b622b3b1e3b86c6870227929ad569d,male,CM,14-17,16.635181382614647
11-a-side,4c357083e683a1a8952af5c02570f80c,male,CB,14-17,16.65160848733744
11-a-side,ffeb72ffef6b43161879930e69c9cdfe,male,FB,14-17,15.394934976043805
11-a-side,b8f1958615e007350eaed2f967389c59,male,FB,14-17,14.896646132785763
11-a-side,6e2338562ba96851baf2c9f6db1b175f,female,CM,<14,13.084188911704311
11-a-side,fffe6de41b7fa9d14f0a5fcf647fac20,female,FW,14-17,15.342915811088295
11-a-side,be81da30b8dcafd2c7b5da15782dfd38,male,CM,14-17,15.849418206707734
11-a-side,02eba929a1189be09a8687c935041211,male,CM,18-37,19.99726214921287
11-a-side,2c6e82a1b615724905b19032d873f935,male,FW,<14,12.33949349760438
11-a-side,eb3f7bc0554225f33e2e830d91cafcca,male,CM,<14,13.831622176591376
11-a-side,212ab3dd31a4fb6b979f1b108f0e2870,-,CB,14-17,17.13347022587269
11-a-side,9737d0528d7a181c0291019c721eb752,male,CM,14-17,16.309377138945926
11-a-side,7b5a9b515b1dc5d51e0f8421b3b346a9,male,FW,18-37,22.84188911704312
11-a-side,68ab1ff74c1f0db67aac607e1f1c6c30,female,CM,<14,13.1854893908282
11-a-side,1618b4ee22fde47422b3ef47c92ab632,male,CM,14-17,14.072553045859001
11-a-side,e302da0cd262a2f2a2119629e94ab359,male,CM,18-37,22.507871321013006
7-9-a-side,b5027f9fcc6a553b0a294b0b99555662,male,CM,18-37,22.507871321013006
11-a-side,6f33c9002d3f75de9de15129e18b3fa6,male,FW,14-17,14.992470910335387
7-9-a-side,1f60ce7c0417fc84ab554e26ecb1209e,male,CB,<14,12.919917864476385
11-a-side,e5b2ea5afe5b5d62be6cf9e2269a88c0,male,FB,14-17,14.921286789869953
11-a-side,c93619d962af554a896a7f72b4960708,male,CM,<14,13.908281998631075
11-a-side,bf28dc5cb6291bfd62ec4a5ed81d8195,male,CB,38+,41.23477070499658
7-9-a-side,96e075a56dc2fe73cb36f1e06e2463b0,male,FW,<14,11.154004106776181
11-a-side,373c8bbddde78e5872ee17c0865b336b,male,FW,<14,13.519507186858316
7-9-a-side,9d635bdd52d7ad33c208656e99c55998,male,CM,<14,12.306639288158795
11-a-side,1354606e946b92dd0091367691f70d35,female,CM,14-17,17.530458590006845
7-9-a-side,73bd9f5f034b066ad7584aa00790c091,male,CM,<14,12.038329911019849
11-a-side,47faab99ced3f0f73ea353a89de0436e,male,FW,18-37,23.849418206707735
11-a-side,fff31692a92366f319d913178e1df413,male,CB,18-37,19.71252566735113
11-a-side,df975cf15141520e7457cd3b5a96faef,male,FW,14-17,14.759753593429158
11-a-side,acc41245ca32325dbd79fe8d482cfc8a,male,FW,18-37,21.32785763175907
11-a-side,896f35eb0459cd12843dc265d3ea062b,male,CM,<14,13.095140314852841
11-a-side,05c0e58265ab633318d2f55b13bbdfa7,male,FW,14-17,15.444216290212184
7-9-a-side,95c4161369770ff6cb1b3a5b3ac7ed79,male,CM,14-17,14.680355920602327
11-a-side,f84733fbff5425977e769afebf63ccf7,male,CM,<14,12.955509924709103
11-a-side,d34975a3bb96f67aa8fddcbbe9912443,male,CM,14-17,15.991786447638603
11-a-side,c015f0cb58263eff1785c8e393d789cb,male,CM,<14,13.516769336071183
11-a-side,f916352fde9a33a1e33c9fbb8934ab04,male,CM,18-37,18.532511978097194
11-a-side,28b96b42564666e1f6798792704f924b,male,FW,14-17,14.795345653661876
11-a-side,41b62a0929a9592e7727324dea3a731d,male,FW,<14,12.845995893223819
11-a-side,e4c1eaf056d1e67cf2a71819bf95db56,male,CM,18-37,37.883641341546884
11-a-side,b0ad915ca247cfecee7ab06064da9547,male,FB,14-17,14.466803559206022
11-a-side,5c8679b3939d6aa01178febe0aad0980,male,CB,14-17,17.27310061601643
11-a-side,0e2a2ea995b4dad18334cbde22b247f5,male,FB,14-17,14.948665297741274
11-a-side,5c57e098bfabbbe173bd5e4406c63301,male,CB,<14,13.284052019164955
11-a-side,ddb664ddf6cd98c32837b103b3b45519,male,FB,18-37,29.141683778234086
11-a-side,af5bfe4cd13eec2da054c2a3d11da8fb,male,FB,18-37,20.67624914442163
11-a-side,087724a800f809b1c11ac8278d417b92,male,FW,14-17,16.279260780287473
7-9-a-side,e0e0d144e1f61c2d805fc7de2384faa1,male,FW,18-37,24.8186173853525
11-a-side,3192c610af6e46dc286b13febbf47b8a,male,FW,14-17,14.948665297741274
7-9-a-side,9eee56d3899feda7c0cbfaa703d4098f,male,CB,38+,46.09993155373032
11-a-side,4e95286adb3992bcfa699a950fff4fca,male,FW,18-37,19.7782340862423
11-a-side,852c3aca2d605c52ef0c6832aa229743,male,FW,14-17,14.225872689938399
11-a-side,6e4c5e71b0902882964b1db12b8f3e49,male,FW,<14,12.657084188911705
11-a-side,1a1fc261c9b345a1946efd410e9db66a,female,FW,18-37,20.0684462696783
11-a-side,776fc62b1d8523abb29a0273e34e9886,male,FB,18-37,25.333333333333332
7-9-a-side,467dcba9bc50dc11f7f3aef9747ea8b1,male,CM,<14,10.732375085557837
11-a-side,eadfe39196ecd088643245a161872a40,male,FW,<14,11.980835044490075
11-a-side,e0157dce3df13cf8d4aad286fb24a658,female,FW,18-37,28.56125941136208
11-a-side,5549d8ae87da3dc2573ded3d52759ed0,male,FW,14-17,14.444900752908966
11-a-side,e2490d8f3d3a2164b1dd8c2ece52a4ba,male,CM,18-37,18.220396988364133
11-a-side,84ae79a9bbe491547aa7717e6ac04b1e,male,FW,18-37,26.529774127310063
11-a-side,3aa91ad7830edb4905d2abe763c0adee,male,FW,<14,12.68993839835729
7-9-a-side,c463f48dbfeb0e072d377a86d1c56803,male,FW,<14,12.68993839835729
11-a-side,ede0b00bf38f8512937425a96382dbcf,male,FB,14-17,15.633127994524298
7-9-a-side,f1db2152adecd9f7f56fb97c6379611b,male,FW,<14,9.776865160848734
11-a-side,37328c6f32bd1f98640f720f34f4bc1a,male,FW,<14,11.723477070499658
11-a-side,0e04c39d1057777b344be61377995e41,male,FW,14-17,14.603696098562628
11-a-side,acc3dbc487b8568f93b5cd2655d0b298,male,FW,<14,13.88911704312115
11-a-side,0a747feba61cc34e885a27835292fdd9,male,CM,14-17,14.3709787816564
11-a-side,a0e31d73f1c61e594e1923b17c59f8a0,male,CM,18-37,22.95687885010267
11-a-side,d2bdac03de90edfc8d58509c7e5db887,male,FB,18-37,29.809719370294317
11-a-side,525e1962da48e560640f8e73569362d6,male,FW,14-17,17.51403148528405
11-a-side,cb3957b88059a39080daa267dc53ff47,male,CM,18-37,27.84120465434634
11-a-side,2778b484c0a5259abd954e5c913f2fa9,male,FW,18-37,27.800136892539356
11-a-side,0222e47c7b872e3cd3bcfa8397dae89a,male,CM,14-17,14.795345653661876
11-a-side,574c3e6a613cf8e61bb9ae081eebfdf3,male,CM,18-37,34.913073237508556
7-9-a-side,e67b1d582a6dbaf1476754b58588a84e,female,FB,<14,10.023271731690622
11-a-side,b0f628225191525ba8e379b3065ab498,male,CM,<14,12.574948665297741
11-a-side,2abe33538e8a1bbd7350710568c2e395,male,FW,14-17,15.696098562628336
11-a-side,43d2f65dcaa403ae872f3d3d67b67a78,male,FW,<14,13.286789869952088
11-a-side,ac933fa6d6d8030f3158970fb4f4858b,male,CM,18-37,20.076659822039698
11-a-side,6a244ec5680e27e6c6281dcacc381892,male,FW,14-17,17.02943189596167
11-a-side,c3a384577df9490fbd808c88fe7ce867,male,CB,18-37,32.18069815195072
7-9-a-side,20aa7b03556972bb5d12f87b2a9459b4,male,CB,18-37,32.18069815195072
11-a-side,efdbd0a79f81144eda98f36c5b3a2dab,male,FW,<14,12.54757015742642
11-a-side,6bbe729e1fd75dd4b191e97263f2e16f,male,FW,<14,12.659822039698836
11-a-side,148ad15f57286952b68159ff3225bf54,female,FW,14-17,17.215605749486652
11-a-side,1fc80581348fcdd820703b3c2114107a,male,FW,14-17,14.480492813141684
11-a-side,945fa7883d93d1c42ba2b45fb1f52362,male,FW,14-17,15.797399041752225
11-a-side,4cb5ea8f8ad68578fc561a17974b39f5,male,CM,14-17,16.876112251882272
11-a-side,c8556d04342928c802a1540700b01148,male,FW,<14,12.878850102669405
7-9-a-side,c7ea08c6e8fee123d6b26c76fb576fbd,male,FW,<14,12.878850102669405
5-a-side,cb4177cb56acdff6b700e3802da1ce5f,male,CB,<14,8.635181382614647
7-9-a-side,1bbc342d8c44dd3e437ccb1f6c084a31,male,CB,<14,8.635181382614647
11-a-side,2efb3bd5f8048335ae0aec9e9cfc760a,male,CM,14-17,14.984257357973991
11-a-side,8bd984f198829e853ac11964548f0afc,male,CM,14-17,14.247775496235455
11-a-side,8d6a525d31225bed35e5c21235a7b7a5,male,FB,18-37,19.110198494182068
11-a-side,235c930aa73f1dea0b7a1cb9ffa9efb4,male,CB,18-37,20.659822039698838
11-a-side,7bfd7c241de6c305709d4d1da3061cd2,male,FB,<14,12.766598220396988
11-a-side,74430602756130d2a49d18f2e72de58e,male,FB,14-17,16.878850102669404
11-a-side,18d43410a23fb93c1cf9a7b187ddedd0,male,CM,18-37,25.084188911704313
7-9-a-side,d95c9512432021379fcbba6b5865b9ab,-,FW,<14,13.897330595482547
11-a-side,d11d23cfea21b80842d458acb216b5dd,male,CM,<14,9.730321697467488
11-a-side,fdd57ad38088529f8b3ec41149978f08,male,FW,14-17,15.08829568788501
11-a-side,fce438de9f30724269fe93b0a0774afb,male,CM,18-37,22.926762491444215
11-a-side,cbda5e8d4b19eba8e845a12489c26bfe,male,FB,<14,12.873374401095141
11-a-side,081c675d544e257cd90f439baa1f8998,male,CB,38+,42.620123203285424
11-a-side,3e29c5b4deb3136240a822133f79d58a,male,FW,14-17,15.07460643394935
11-a-side,85697806e1e2dc2ea976c48ad18c3d56,male,FW,18-37,18.518822724161534
11-a-side,c69c306e60b672b125bf0f74080abbef,male,CM,18-37,23.326488706365502
5-a-side,bc3d53bfabc42c91f2759778a41a5c0d,male,CM,18-37,18.154688569472963
11-a-side,bf3a143d777693d5b4777d1064ebdbbf,male,FB,14-17,15.449691991786448
11-a-side,3a31fcd11c131a45b25411c3118f1ccd,male,CM,18-37,18.00958247775496
11-a-side,3d9936b7b3a4f9f13335b53897315494,male,FW,14-17,14.729637234770705
11-a-side,dbc4f1b3d2cb83eb783cb63c47970e07,male,CM,14-17,14.688569472963723
7-9-a-side,63fda3b472a0cf36ebad77fbcf5bc32f,male,CM,<14,10.50239561943874
11-a-side,2fd336107ff40d4b840d87b35ff1f96d,male,FW,14-17,16.134154688569474
11-a-side,ff1b407de570ce37eb4a0bad602cd664,male,CM,14-17,14.390143737166325
11-a-side,15316f76b1cca9ae59b50a5534960851,male,CM,18-37,32.09856262833676
11-a-side,12f38c13cd961a45f8b48e38fb8250ba,male,FW,14-17,14.69678302532512
11-a-side,3d89daa3de57225c1d0ba93c093e51b4,male,FW,14-17,17.084188911704313
11-a-side,1a20ce89c8aac6ee7048e2e28aa94793,male,FW,<14,13.897330595482547
5-a-side,14c32ee992c7fc70fbdd73455d4646e0,female,FW,18-37,31.750855578370977
7-9-a-side,981554cf8303fc7521ae9c7d9cef8dc3,male,CM,18-37,20.993839835728952
11-a-side,3a62847cf5fb4d1ac8d39ab6881e47a9,male,FB,18-37,33.308692676249144
11-a-side,c012a03693af6b73dd77b346c0223bdc,male,FW,14-17,16.191649555099247
11-a-side,7c6370100ef33ccd00b58cc9ebc40815,female,FW,<14,13.144421629021219
5-a-side,bdcf5e79397cb49a645a9b814cfdb210,male,CM,<14,10.236824093086927
7-9-a-side,b7d1550f6311173232c1d6c8c545d3bc,male,CM,<14,10.236824093086927
11-a-side,1fd6c4e9129f0bc20b3e90830962b92f,male,CM,18-37,20.27104722792608
11-a-side,221688474ef1f8fa1df9288242b9a996,male,CB,18-37,19.392197125256672
11-a-side,9b03be7e21ab20146b631481f82eaccd,male,CB,14-17,15.652292950034223
11-a-side,5a26f12f4faeed941db4a6e07380a293,male,FB,<14,10.850102669404517
5-a-side,ff5028693f3b29e608caf90eb7cb3e7b,male,FB,<14,10.850102669404517
7-9-a-side,afe461ddd15c4be522ebfeb5d622dbae,male,FB,<14,10.850102669404517
11-a-side,da5c5579196c14b44f7600c16229e3c5,male,CM,14-17,16.175222450376456
11-a-side,2c24703291ada7ab2e665ff977d4eda9,male,CM,38+,39.27720739219713
11-a-side,8761ad1b767a63a102b6239f3aa545b4,male,FW,38+,38.35455167693361
11-a-side,2f90e73728f6b1d5eee6d95a25889bcb,male,FW,14-17,16.11498973305955
11-a-side,82444ac7419c8faaee122da259f02a47,male,FB,18-37,25.27857631759069
11-a-side,3f0818e2b125fddfc66755916e24a448,male,CM,18-37,26.04243668720055
7-9-a-side,7c73881336f953567a78b9be9a142401,male,CB,<14,10.075290896646132
11-a-side,8495536546b1302eb3b080fb77761bbe,male,CM,18-37,23.797399041752225
7-9-a-side,5b8d5698b6a501b26e5c76992a4ff77a,male,CM,18-37,20.432580424366872
11-a-side,4ea4284cb431523f881ceeb5936ddd09,male,CB,18-37,29.697467488021903
11-a-side,377937959abce651358591305d299a04,male,FW,18-37,32.73100616016427
11-a-side,f24797134d60df1b6ec82b5e1c04959c,male,CM,18-37,28.18343600273785
7-9-a-side,df26b12edd2d5b7a6a1e649f88d4820f,male,CM,18-37,35.290896646132786
11-a-side,0036773ddb56c91f0cb59476054a2385,male,CM,18-37,20.583162217659137
5-a-side,fc8fa3abbdfcd01a70caa790e2af018c,male,CM,18-37,30.17385352498289
5-a-side,74183f009dba014ffe3b747cd95b9b43,female,FB,18-37,37.95756331279945
11-a-side,e6f79c70e1921aeff27ac4d4c1370835,male,CM,14-17,14.677618069815194
11-a-side,ac39bb28c375c62589e5a01a7d4b7eb2,male,CM,14-17,17.357973990417523
11-a-side,54bb83a2089652ded1081bf3ca2cc5dd,male,FW,18-37,21.117043121149898
11-a-side,4ffb204b3eefb6400280839ae7a9253f,male,FB,14-17,16.56125941136208
11-a-side,cfd45e703809bca97788bfece248e704,male,FW,<14,13.828884325804244
11-a-side,34f86b6f57ce5cbc8f849358a6fc8e1b,male,CB,14-17,16.758384668035593
11-a-side,1cf1a0357465cead5dc7423283e8e7d9,male,FW,<14,7.405886379192334
11-a-side,c02b2f5d41897ac246cff572d4b0878f,male,FW,<14,13.555099247091034
11-a-side,ff75de1439aeed9044718b4e624e3b95,male,CM,14-17,14.203969883641342
7-9-a-side,5576a8d14b0a1c3796af545d792a25e5,female,FB,14-17,15.121149897330595
11-a-side,6d6d0498da52e08ffc804ac6f9ae2c56,male,GK,18-37,26.811772758384667
11-a-side,d28345cb84e80f8dd114c8624d1c9aa6,male,FB,14-17,16.134154688569474
7-9-a-side,f2575d9f430b924e0fff9aaa6dc5c443,male,CB,<14,10.863791923340179
11-a-side,983bd59e1320e5b993e7b678d66ea967,male,CM,<14,13.83709787816564
11-a-side,0e968fb431d49c121e386faccdc9cb26,male,FW,14-17,17.00205338809035
11-a-side,d194bca959bca347a2a1d0e06d89821d,male,CM,18-37,21.900068446269678
11-a-side,00cfd5164e776f03b5ff2f78a2173bef,male,FW,<14,13.196440793976729
11-a-side,93589a4a07888571978a52e2ee070d4f,male,CM,14-17,15.23066392881588
11-a-side,f62323f03ec4e78742cabdd5e5848c9d,male,FW,14-17,14.03422313483915
11-a-side,64c902061224284d7c8bf15aeddddd3c,male,CM,18-37,23.55373032169747
11-a-side,151223818cd54e4b6e9a157f47ddade6,male,CM,18-37,27.329226557152634
11-a-side,ab0157503a2f09b73202eaa7d22ca793,male,CM,<14,12.054757015742641
11-a-side,625b9877591991e4e7271e53c5959424,male,CM,<14,13.169062286105408
7-9-a-side,204c8d3deab9e9927d1d8d2ff531509b,male,CM,<14,13.169062286105408
11-a-side,5cc24221e87ea39fa4523a72bae224a7,female,FB,14-17,14.603696098562628
11-a-side,3543e15b7ef7da26ed9ea26247f39053,male,FW,14-17,15.288158795345653
7-9-a-side,de93e2206e5b6bec7a91c632408c862a,male,CM,<14,11.29637234770705
11-a-side,af52171e2d9252a066076dca00bc13cf,male,CB,<14,13.27583846680356
11-a-side,64c0aaf2fa672e0955631478ce1e00a5,male,FB,18-37,25.927446954141
5-a-side,792d51bae5015c08c3cf738139dc42af,male,FB,38+,40.90622861054072
11-a-side,a514eec918ae9c50d0bfad10aeb29b59,male,CM,14-17,15.901437371663244
11-a-side,12a7ad647cf392eb1c336574e42722dd,male,FW,18-37,37.620807665982205
11-a-side,8acdc3a7ed4072fbf878402983abba50,male,,18-37,21.215467064621713
11-a-side,0e3db007b7f0c097d5a809c480a797b3,male,,18-37,21.215467064621713
11-a-side,303a8f3786a74baf833cd5f6a5b6f1f8,male,,18-37,21.215467064621713
11-a-side,2776923f48f78aad26628ba3210a822f,male,,18-37,21.215467064621713
11-a-side,658a6490f5036e42df4916dad72bd996,male,,18-37,21.215467064621713
11-a-side,e8a6ddac430f4a749c3495528eae0c6e,male,CM,18-37,25.31690622861054
5-a-side,ce73340af4622e3628e5f3e7be8ae2fc,male,CM,18-37,25.31690622861054
7-9-a-side,c4271001986873021f33f54130527f4c,male,CM,18-37,25.31690622861054
11-a-side,eea0047072ebb5317ccf94a071895d83,-,CM,18-37,21.51129363449692
11-a-side,317435260a8209b29cdf3876b413b4a6,male,CM,18-37,26.2943189596167
7-9-a-side,c895044fdb5b9f2bdfefb897849688d9,male,FB,<14,10.428473648186174
7-9-a-side,d83d9dc4cb62f72ec7f128a0d1abf68a,male,FB,<14,10.729637234770705
11-a-side,aa3a5f9dcd1313e5668008ab8f92a157,male,CM,18-37,32.24093086926762
11-a-side,c383f6d6a0534de201d1e73de89fb4dc,male,FB,14-17,16.076659822039698
11-a-side,229db546fef7bd46704e45bf04a7b1de,male,CM,18-37,21.921971252566735
11-a-side,4e573d23626b8a4d32a30cabbebdedf2,male,FB,<14,13.284052019164955
11-a-side,1f7e9b807c469c7f330e8119c0c336c1,male,CM,<14,13.820670773442847
7-9-a-side,405294584664c7950b95a09d05601276,female,CM,18-37,22.537987679671456
11-a-side,6539a8f6eaf6cc317f0f57835d9780b6,male,CM,14-17,17.440109514031484
11-a-side,c49ffc57ce0b25893200427fd4868bf6,male,FW,18-37,25.965776865160848
11-a-side,86a877dd4b1500b0bcb65194b5eb7298,male,FB,18-37,18.09719370294319
7-9-a-side,136802c83348c55ba13728bc4c7e38be,male,GK,<14,10.023271731690622
11-a-side,5731e80467e5bbd8dbf2f384a5534ce2,male,CM,14-17,14.737850787132102
11-a-side,aadba5e57a470e9834c89e5051a3e678,male,FW,18-37,25.07049965776865
7-9-a-side,a1f4b8d170b3d7ab42e122ece50f6a17,male,FW,<14,10.318959616700889
11-a-side,23b0346e4f985bab24d78d3a7dc2b5be,male,CM,14-17,16.78576317590691
11-a-side,ac2f4abbead743163f9c2b1d2d262c73,female,CM,<14,0.27652292950034224
11-a-side,9b94b2ef9804e106e2a4fa59a86d1208,male,CB,14-17,15.808350444900753
11-a-side,8e9e740da71a6a40229dd0b10d7be512,male,CB,14-17,15.876796714579056
11-a-side,75354af80c9f686dbf6361f9c7b35787,male,FW,<14,13.869952087611225
11-a-side,c542020852f0dec13e5296230ae4f577,male,FB,18-37,30.34633812457221
11-a-side,9da51659a09babf2ae4d73c82949eaa7,male,FW,14-17,16.27104722792608
11-a-side,7c71487e22c5627677cbdde485bead38,male,CM,18-37,19.345653661875428
11-a-side,cc116bbb1497c46e38881631fa2a9500,male,CM,<14,9.815195071868583
7-9-a-side,4636e5319cc6272ed58ade5a59644978,male,CM,<14,9.815195071868583
7-9-a-side,1daa429ba0f8afff323cd4672e29b0aa,male,FW,<14,11.091033538672143
11-a-side,36b71e38f6b39aa383bc287315744100,male,FB,<14,12.328542094455852
11-a-side,c9b777619531b765419c529a9659d5ce,male,FW,18-37,35.46338124572211
11-a-side,6548347d01672d145b0b841522ae7ebf,male,FW,14-17,15.51813826146475
11-a-side,e981fc79f2030e7fd34975205c9fef14,male,CM,14-17,14.655715263518138
7-9-a-side,4b4f12ed549e70177a6add55a80a241b,male,FB,<14,10.543463381245722
7-9-a-side,5cda0ec78a838ba349e77754f71701b4,male,FW,<14,10.620123203285422
11-a-side,5b6eef965ff9b316599e1f63c8e9c08f,male,CM,18-37,18.261464750171115
11-a-side,2b99ef1506446857c6d379b3049431e3,male,FW,38+,42.85284052019165
11-a-side,03de8394053751c68bce27fd52e6f621,male,FB,18-37,18.258726899383984
11-a-side,859bdddfd542af494ad7cca3459c4873,male,FB,18-37,30.269678302532512
7-9-a-side,8b71db2d9a6f16fefa2cc0c089fe06e4,male,FB,<14,12.687200547570157
11-a-side,fa6269a0c832bef82b8635c75eaf6e21,male,CM,14-17,15.748117727583846
11-a-side,1ae14090ae5604a5843e91323dddc75d,male,CB,14-17,14.255989048596852
11-a-side,b50d7dc11ba2d94db91dad302f5091f6,male,CM,14-17,16.971937029431896
11-a-side,ad909683c73389a9dfd44f9d04b85efb,male,CM,18-37,21.352498288843258
11-a-side,f4d237139c2dae5ae978d8e9501d693e,male,CB,14-17,16.418891170431213
11-a-side,4942462f0aab743c8830146590c08898,male,CB,<14,13.637234770704996
7-9-a-side,39bfa37ccb32cd812519c9841787fcdb,male,FW,<14,12.71731690622861
11-a-side,b9bd1686b4a6c42bab612950fffc1c98,male,CM,38+,60.70088980150582
11-a-side,0de5e081d14992004b2497c9d606b983,male,CM,<14,11.255304585900069
7-9-a-side,c5adb71f216d0f14cb843acaa1124d4b,male,FW,18-37,22.559890485968516
11-a-side,a31a68050ade57d0c2c12c1dc702b468,female,CM,14-17,14.798083504449007
7-9-a-side,72f4503adffa01ad40344ab53ad61060,male,FB,<14,10.642026009582478
7-9-a-side,7a617c88f1250efa0467232b4a2e1139,male,FW,<14,10.557152635181383
11-a-side,312d0b0a602b5aae70965d5289f07602,male,CM,18-37,18.26694045174538
11-a-side,f938f63c2139cf244c0bca2dae8394f3,male,FW,14-17,16.246406570841888
7-9-a-side,97151db70cf445f7f997e751aaed0196,male,FW,38+,44.11772758384668
11-a-side,716d8e824dacf2ac01c087140710a861,male,FW,<14,13.527720739219713
11-a-side,4427ba2d11fdc309af05ef471610d053,male,CB,18-37,20.292950034223136
7-9-a-side,a103161198a511d0c38d1f5c97598f64,female,CB,18-37,21.1854893908282
11-a-side,c0527872c2826ca061e090032766e0a3,male,FW,14-17,16.23545516769336
11-a-side,c3d4d3999ec3353673de551094dd0bf8,male,FW,<14,13.604380561259411
11-a-side,8dd430371a62801057a3f0b8383c4cf0,male,CM,18-37,19.40041067761807
11-a-side,6466905304f2938dfdb5b748420f599c,male,CM,18-37,19.578370978781656
7-9-a-side,df86ee3e613f015a7e0c38b185fd3320,male,FB,18-37,23.696098562628336
11-a-side,3743ce8ff2a34947718adaecc587f23e,male,CM,38+,43.134839151266256
7-9-a-side,668c7762709d5c3436fa14256d08a415,male,CM,38+,44.18343600273785
5-a-side,4d9010295afda91b4daec259230c9fad,male,CB,18-37,24.01095140314853
7-9-a-side,88d07fd0c99ae9a355c299f7972b92df,male,CB,18-37,24.01095140314853
11-a-side,1e824266ba6a13fc1310731c565c9a12,male,CM,18-37,20.928131416837783
7-9-a-side,e2e50ac46bb282967fb049064ab904c7,male,CM,18-37,20.928131416837783
11-a-side,1d7b61d000c5f8c7f06c7c328c6089d2,male,CM,18-37,21.215467064621713
5-a-side,5cf1cefe4580ccf9c0bccdade5f1ce3e,male,CM,18-37,21.215467064621713
7-9-a-side,0fb094e82f72c5cfe0d297523bb25599,male,CM,18-37,21.215467064621713
11-a-side,7232aa511e8d270b27aee7988a30415c,male,FB,18-37,19.110198494182068
11-a-side,4a44cd8531f1af8eb73c5a544dc14744,male,FB,18-37,29.593429158110883
7-9-a-side,f3d91a53f48ee447823f43aa0280871a,male,FB,<14,11.488021902806297
5-a-side,985ab4ecb65636242577458f187c315a,male,,18-37,23.252566735112936
7-9-a-side,58c8e06367ab27e22c9f29fa1992e5f1,male,FB,<14,10.740588637919233
11-a-side,84761361579aab9f60cde45966f61723,male,CM,18-37,26.21492128678987
11-a-side,0e71437432358a213039837f9280efca,male,FB,<14,13.431895961670088
7-9-a-side,1f60a739a30122403ea4943ae23520a7,male,FW,18-37,28.933607118412045
7-9-a-side,5021f87b4e2509872df0ade216a7b3e0,male,CM,18-37,34.08624229979466
7-9-a-side,c42dee790356cb1ce68fd6ac3b585ae3,male,FB,18-37,22.157426420260094
7-9-a-side,b36cfc688ba1103f11734486a638e629,male,CM,18-37,27.88227241615332
11-a-side,574a64345a1e16b0e899fc160747448f,male,CM,14-17,16.876112251882272
11-a-side,2755f58eb841336b63b2fe0646bc7e93,male,CM,14-17,15.219712525667351
11-a-side,9af3637fd384f7ea69cdfe743d0c9b59,male,CM,14-17,16.202600958247775
11-a-side,16fa07024d87a1f3b6060c097636966f,female,FB,18-37,31.3347022587269
11-a-side,2abe440bb0225d9ada3e861e03284501,male,CB,14-17,15.206023271731691
7-9-a-side,3feab37b0c6369b20f92e3ae63b6b096,male,CB,<14,8.219028062970569
11-a-side,49ae40235d8f50d8e9b76afb80399aa7,male,CM,14-17,14.694045174537989
11-a-side,3922447189bc6abe23287d9d84d5a875,male,CM,<14,13.453798767967145
11-a-side,f763328a3f2871d1730bd244070a100f,male,GK,18-37,32.14784394250513
11-a-side,0c40b09d620328ac21a2201fa4ba174d,male,CM,18-37,37.23477070499658
11-a-side,afe046ed0a565d65bdb26eeaad95e206,male,CB,38+,39.34839151266256
5-a-side,1f05456e8be17de891a4b1f54fc5766a,male,FW,18-37,28.227241615331966
11-a-side,049ae89662ef9db0ba8586bffe20f1bb,male,CM,14-17,16.17248459958932
11-a-side,76706b2f153e87b9f6ee6509c8b70247,male,CB,14-17,16.229979466119097
11-a-side,4e96c303ccd094d2fdb1d7cdfaf8532d,male,CB,18-37,28.490075290896645
11-a-side,9b0ff14567aeb78f5954ab8cf57c596b,male,CM,18-37,26.16563997262149
11-a-side,57d179dd3f9dc3875dcce3dca625d93c,male,CB,18-37,22.272416153319643
11-a-side,bd7d956df1833cb20a838743633d76ef,male,CM,14-17,14.171115674195756
11-a-side,7a7540def9a7ea2a81190d6c8c48a770,female,CM,<14,13.700205338809035
7-9-a-side,f49f55dcdcb424b41485d36fad42095c,female,CM,<14,13.700205338809035
11-a-side,d9f54e8aa8ab09b678b39cfd96ab7d5a,male,FW,14-17,14.091718001368925
11-a-side,088ac11932a31829f44e736c7f107524,male,FW,14-17,14.080766598220396
11-a-side,1d66bbea65bb6925cb32b33abe56275b,male,FB,18-37,31.16495550992471
5-a-side,abba85aa911327310da0a7613ffec203,male,FB,18-37,37.54688569472964
7-9-a-side,321b290bdff9746eafefec524637e1d7,male,FB,18-37,37.54688569472964
11-a-side,57470e347b4287a392157634bd67e596,male,FW,18-37,22.127310061601644
7-9-a-side,cdb2961e52ce9fa314033bb4eb2f2320,male,FW,<14,11.917864476386036
11-a-side,e0ef21af660d1b5ec40690ea9175b6af,male,CB,<14,13.023956194387406
11-a-side,e61ade3a307ae0a36f943f2dd8343ddb,male,FB,18-37,36.824093086926766
11-a-side,010a4510687ee60f6b1322d4984c1d1d,male,FW,14-17,16.13141683778234
11-a-side,16b6bf42bf254680f3d39dd2092bcf28,male,FW,18-37,20.136892539356605
11-a-side,03dd655b96e75949c0de7a37e20aaab1,male,CM,18-37,18.190280629705683
11-a-side,b268961b2e6cdad2ec20892f3caa4bde,male,CM,18-37,19.561943874058862
7-9-a-side,bd909a40c052bf832b0ca8f41029e4c3,male,FW,18-37,30.584531143052704
7-9-a-side,5ad90083efa36f6c5188cd7029c55dc0,male,FW,<14,12.005475701574264
11-a-side,74aaa249c8ff089cb47f171402b5b0b1,female,CM,18-37,34.30527036276523
11-a-side,1bac42a2ad2752dc31efdb75534ea890,male,CM,18-37,18.10814510609172
7-9-a-side,c2b31f81cc826568af8c0567f8452367,male,FW,<14,12.106776180698152
11-a-side,6ebdf5e2e81f8cbd309f06f289826721,male,CM,18-37,21.111567419575632
11-a-side,8e5f078a52cf977a6bd4d98e182d1902,male,FB,<14,13.930184804928132
11-a-side,b67c5b8ebbdbca40761f274f4fab56fe,male,CM,14-17,17.089664613278575
11-a-side,7442fc512eb0d124ba871146e2b2a520,male,FW,<14,12.930869267624914
5-a-side,60d6e5ad42a0c35db94773ee628a9ca6,male,FB,<14,8.095824777549623
11-a-side,67d7f184c8552ffc04979517e2b832b9,male,CB,38+,41.99315537303217
11-a-side,2f731a5fbae846f85eb8a08d0620085d,male,CB,18-37,18.080766598220396
11-a-side,bbff72e28ff7055e6567c43b52e3fa40,male,FB,18-37,24.427104722792606
7-9-a-side,cace96edef40fcbc82d993407fd04dab,male,CB,<14,9.711156741957563
11-a-side,7cb42ba34c69dfad367c4ea68e5c50ba,male,FB,<14,12.83230663928816
11-a-side,f8627d8c5f8c0670a09727b634442ae2,male,CM,18-37,24.79397672826831
7-9-a-side,f4610bcff146cae36bfb0ba5e9a58f3c,male,CM,<14,10.984257357973991
7-9-a-side,9c36f93ccca77064aa42bccaef151931,male,CM,<14,11.748117727583846
11-a-side,11a72eb903322b1d9d0f192d85b5eb15,male,CM,18-37,26.05612594113621
11-a-side,9cc288528402a7be7ade8d47e6160c1a,male,FW,14-17,14.050650239561945
7-9-a-side,adb93e3bcf289c27c550a32302c3f573,male,CM,<14,9.880903490759753
11-a-side,b74392fbd6dc660f8258a0145b095eea,male,CB,<14,13.357973990417522
7-9-a-side,8f5ac1418976868da7bdf610df694694,male,CM,18-37,27.88227241615332
5-a-side,2b646cf3d430c81cc764adfe5afd0938,male,FB,18-37,33.76043805612594
11-a-side,5bcf6e33480d9b2a88a7bc9015161794,male,CB,<14,12.035592060232718
